geoid,total,inc_under_25k,per_under_25k
17031010100,3653,2071,0.5669312893512182
17031010201,5697,3544,0.6220817974372477
17031010202,1929,1247,0.6464489372731985
17031010300,5454,2864,0.5251191785845252
17031010400,4926,3337,0.6774259033698742
17031010501,3466,1985,0.5727062896710906
17031010502,2815,1780,0.6323268206039077
17031010503,1957,1275,0.6515074092999489
17031010600,5629,2929,0.5203410907798899
17031010701,3036,1580,0.5204216073781291
17031010702,4197,2719,0.6478436978794377
17031020100,3167,1945,0.6141458793811178
17031020200,5132,2893,0.563717848791894
17031020301,4014,2020,0.5032386646736422
17031020302,4022,2032,0.5052212829438091
17031020400,3565,1818,0.5099579242636746
17031020500,4806,3337,0.6943404078235539
17031020601,4685,2888,0.616435432230523
17031020602,3331,2226,0.6682677874512158
17031020701,1340,647,0.4828358208955224
17031020702,6081,3635,0.5977635257358987
17031020801,4367,2235,0.5117929929013052
17031020802,5855,3595,0.61400512382579
17031020901,4012,2473,0.6164007976071785
17031020902,3465,2201,0.6352092352092352
17031030101,3376,1618,0.4792654028436019
17031030102,2804,1266,0.4514978601997147
17031030103,2217,1335,0.6021650879566982
17031030104,3439,2588,0.7525443442861297
17031030200,4671,2247,0.481053307642903
17031030300,2752,1668,0.6061046511627907
17031030400,2181,1116,0.5116918844566712
17031030500,5434,1840,0.33860875966139126
17031030601,3571,1988,0.556706804816578
17031030603,1670,888,0.5317365269461077
17031030604,2747,1462,0.5322169639606844
17031030701,1485,797,0.5367003367003367
17031030702,1521,623,0.4095989480604865
17031030703,2585,1166,0.451063829787234
17031030706,3258,1484,0.4554941682013505
17031030800,3789,1582,0.41752441277381896
17031030900,2733,952,0.3483351628247347
17031031000,3489,1069,0.30639151619375177
17031031100,4100,1596,0.38926829268292684
17031031200,4951,3069,0.6198747727731772
17031031300,6890,3753,0.5447024673439768
17031031400,4838,1582,0.3269946258784622
17031031501,3425,2339,0.6829197080291971
17031031502,3567,2333,0.6540510232688533
17031031700,6090,3113,0.5111658456486042
17031031800,1544,603,0.3905440414507772
17031031900,2106,793,0.3765432098765432
17031032100,6229,2572,0.41290736875903034
17031040100,3379,1481,0.4382953536549275
17031040201,5776,2470,0.4276315789473684
17031040202,6016,3647,0.606216755319149
17031040300,2575,1175,0.4563106796116505
17031040401,2653,1069,0.4029400678477196
17031040402,4128,1103,0.26719961240310075
17031040600,2144,772,0.36007462686567165
17031040700,2938,1148,0.3907420013614704
17031040800,1564,530,0.3388746803069054
17031040900,1866,609,0.32636655948553056
17031050100,2196,709,0.32285974499089254
17031050200,3885,1288,0.33153153153153153
17031050300,2084,753,0.3613243761996161
17031050500,4640,1226,0.2642241379310345
17031050600,1903,453,0.23804519180241723
17031050700,1358,331,0.24374079528718703
17031050800,1111,283,0.25472547254725475
17031050900,1115,363,0.3255605381165919
17031051000,1329,366,0.27539503386004516
17031051100,1190,302,0.253781512605042
17031051200,1283,364,0.2837100545596259
17031051300,2068,401,0.19390715667311412
17031051400,1510,582,0.38543046357615895
17031060100,2161,437,0.2022211938917168
17031060200,1957,762,0.3893714869698518
17031060300,2570,559,0.21750972762645915
17031060400,3187,912,0.28616253529965485
17031060500,1132,546,0.4823321554770318
17031060800,4674,1155,0.24711168164313221
17031060900,6579,2e3,0.3039975680194558
17031061000,1777,407,0.22903770399549803
17031061100,1408,394,0.27982954545454547
17031061200,1815,440,0.24242424242424243
17031061500,1627,362,0.22249539028887522
17031061800,1149,448,0.38990426457789384
17031061901,3538,965,0.27275296777840585
17031061902,4133,1281,0.30994435035083473
17031062000,2802,618,0.22055674518201285
17031062100,3429,1087,0.31700204141149024
17031062200,2536,517,0.20386435331230285
17031062300,1391,265,0.19051042415528396
17031062400,1238,221,0.17851373182552505
17031062500,1284,234,0.1822429906542056
17031062600,1788,512,0.28635346756152125
17031062700,2349,690,0.2937420178799489
17031062800,3201,583,0.18213058419243985
17031062900,3528,699,0.19812925170068027
17031063000,2942,742,0.2522093813732155
17031063100,2135,427,0.2
17031063200,6700,2343,0.3497014925373134
17031063301,2496,969,0.38822115384615385
17031063302,4108,865,0.21056475170399222
17031063303,1266,249,0.1966824644549763
17031063400,1976,417,0.21103238866396762
17031070101,3418,767,0.22440023405500292
17031070102,2683,711,0.26500186358553857
17031070103,1460,465,0.3184931506849315
17031070200,3555,1079,0.30351617440225037
17031070300,3160,922,0.2917721518987342
17031070400,3003,1104,0.3676323676323676
17031070500,2741,752,0.27435242612185334
17031070600,2643,695,0.26295875898600074
17031070700,3385,1043,0.3081240768094535
17031071000,3787,2385,0.6297861103776076
17031071100,2571,1189,0.46246596654998057
17031071200,1744,587,0.33658256880733944
17031071300,3212,1098,0.34184308841843086
17031071400,4393,1294,0.29455952651946277
17031071500,5525,890,0.16108597285067874
17031071600,1325,449,0.3388679245283019
17031071700,1495,349,0.2334448160535117
17031071800,2285,757,0.3312910284463895
17031080100,6379,1356,0.21257250352719861
17031080201,3190,686,0.21504702194357367
17031080202,3294,719,0.2182756527018822
17031080300,4189,721,0.1721174504655049
17031080400,2918,1486,0.5092529129540782
17031081000,7205,3870,0.5371269951422624
17031081100,3692,1339,0.3626760563380282
17031081201,4248,1224,0.288135593220339
17031081202,2835,675,0.23809523809523808
17031081300,4971,1624,0.32669483001408167
17031081401,2158,775,0.35912882298424464
17031081402,4465,1294,0.28980963045912655
17031081403,7087,1685,0.2377592775504445
17031081500,4711,1319,0.2799830184674167
17031081600,3505,810,0.23109843081312412
17031081700,3225,653,0.20248062015503876
17031081800,7656,1311,0.17123824451410657
17031081900,880,350,0.3977272727272727
17031090100,2716,993,0.36561119293078054
17031090200,5426,1763,0.32491706597862147
17031090300,1030,405,0.3932038834951456
17031100100,4174,1912,0.4580737901293723
17031100200,5573,2469,0.44302888928763684
17031100300,5283,2653,0.5021767934885482
17031100400,2338,837,0.35799828913601367
17031100500,4597,1807,0.3930824450728736
17031100600,4049,1859,0.45912571005186464
17031100700,3905,1663,0.4258642765685019
17031110100,4227,2057,0.4866335462502957
17031110200,2506,1252,0.49960095770151636
17031110300,4511,2123,0.47062735535358013
17031110400,3940,1922,0.48781725888324873
17031110501,4311,1979,0.4590582231500812
17031110502,2840,1365,0.48063380281690143
17031120100,2934,937,0.31935923653715065
17031120200,3588,1350,0.3762541806020067
17031120300,5191,1904,0.3667886727027548
17031120400,2762,1406,0.5090514120202752
17031130100,4475,2829,0.6321787709497206
17031130200,1329,516,0.38826185101580135
17031130300,4562,2584,0.5664182376150811
17031140100,2656,1833,0.6901355421686747
17031140200,5305,3554,0.6699340245051838
17031140301,2100,1455,0.6928571428571428
17031140302,3347,1830,0.5467582910068718
17031140400,5727,3132,0.5468831849135674
17031140500,3299,1851,0.561079114883298
17031140601,2322,1510,0.6503014642549526
17031140602,4264,2655,0.6226547842401501
17031140701,2172,1115,0.5133517495395948
17031140702,4714,2603,0.5521849809079338
17031140800,5673,2656,0.46818261942534817
17031150200,6601,3245,0.49159218300257534
17031150300,6707,3059,0.45609065155807366
17031150401,4065,2114,0.5200492004920049
17031150402,2979,1620,0.5438066465256798
17031150501,3431,1745,0.5085980763625765
17031150502,3327,1847,0.5551547941088067
17031150600,3169,1599,0.5045755758914484
17031150700,3522,1665,0.4727427597955707
17031150800,4256,2412,0.5667293233082706
17031151001,2040,1197,0.586764705882353
17031151002,3510,1830,0.5213675213675214
17031151100,4468,2656,0.594449418084154
17031151200,2992,1708,0.570855614973262
17031160100,2112,1126,0.5331439393939394
17031160200,2620,1270,0.4847328244274809
17031160300,3404,1722,0.5058754406580493
17031160400,3868,2155,0.5571354705274043
17031160501,3118,1876,0.6016677357280308
17031160502,3212,1817,0.5656911581569116
17031160601,3365,1681,0.49955423476968797
17031160602,3176,1642,0.5170025188916877
17031160700,5168,2468,0.4775541795665635
17031160800,4352,1984,0.45588235294117646
17031160900,2037,905,0.44428080510554735
17031161000,1511,563,0.37260092653871607
17031161100,1435,448,0.3121951219512195
17031161200,2404,1346,0.559900166389351
17031161300,3221,2028,0.6296181310152127
17031170100,1775,980,0.5521126760563381
17031170200,3337,1794,0.5376086305064429
17031170300,4092,2111,0.5158846529814272
17031170400,3190,1687,0.5288401253918495
17031170500,4421,2035,0.46030309884641485
17031170600,2250,1094,0.4862222222222222
17031170700,2474,1266,0.5117219078415521
17031170800,3222,1643,0.5099317194289261
17031170900,1488,786,0.5282258064516129
17031171000,6492,3343,0.5149414664202094
17031171100,3140,1179,0.37547770700636945
17031180100,4647,2418,0.5203357004519045
17031190100,1979,1408,0.7114704396159677
17031190200,4062,2453,0.603889709502708
17031190300,4248,2534,0.5965160075329566
17031190401,3049,1780,0.5837979665464087
17031190402,3913,2238,0.571939688218758
17031190601,3411,2142,0.6279683377308707
17031190602,4612,2922,0.6335646140503035
17031190701,2103,1363,0.6481217308606753
17031190702,3793,2637,0.6952280516741366
17031190800,5165,3469,0.6716360116166505
17031190900,1582,981,0.6201011378002529
17031191000,2012,1299,0.6456262425447317
17031191100,5806,4122,0.7099552187392353
17031191200,2660,1904,0.7157894736842105
17031191301,4341,2796,0.6440912232204561
17031191302,3918,2644,0.6748340990301174
17031200100,3599,2145,0.5959988885801611
17031200200,3966,2799,0.705748865355522
17031200300,1666,1132,0.6794717887154862
17031200401,2742,1953,0.712253829321663
17031200402,3255,2167,0.6657450076804915
17031210100,2868,1565,0.545676429567643
17031210400,2200,1300,0.5909090909090909
17031210501,3097,2020,0.6522441072005166
17031210502,3615,2512,0.6948824343015214
17031210601,2337,1525,0.652545999144202
17031210602,3312,1783,0.5383454106280193
17031210700,3507,1867,0.5323638437410892
17031210800,1017,489,0.4808259587020649
17031210900,2466,1197,0.4854014598540146
17031220300,1912,675,0.3530334728033473
17031220400,2228,867,0.3891382405745063
17031220500,2504,799,0.3190894568690096
17031220601,1522,766,0.5032851511169514
17031220602,4455,2080,0.4668911335578002
17031220701,2660,1339,0.5033834586466165
17031220702,2983,1684,0.5645323499832383
17031220901,2316,1703,0.7353195164075993
17031220902,2402,1651,0.6873438800999168
17031221000,2235,1467,0.6563758389261745
17031221100,4571,2874,0.6287464449792168
17031221200,2619,1194,0.4558991981672394
17031221300,2340,1063,0.45427350427350427
17031221400,2459,1028,0.4180561203741358
17031221500,2469,1182,0.4787363304981774
17031221600,2483,754,0.3036649214659686
17031222200,1692,428,0.25295508274231676
17031222500,1258,741,0.5890302066772655
17031222600,1381,649,0.4699493120926865
17031222700,2049,1233,0.6017569546120058
17031222800,860,594,0.6906976744186046
17031222900,743,464,0.6244952893674294
17031230100,1266,695,0.5489731437598736
17031230200,1625,1161,0.7144615384615385
17031230300,731,448,0.612859097127223
17031230400,1995,1487,0.7453634085213032
17031230500,2889,2082,0.7206645898234684
17031230600,4751,3506,0.7379499052830983
17031230700,3980,2878,0.7231155778894472
17031230800,1052,661,0.6283269961977186
17031230900,4097,2591,0.6324139614351965
17031231100,957,671,0.7011494252873564
17031231200,4216,3198,0.75853889943074
17031231500,5266,4043,0.7677554120774782
17031240200,1327,347,0.2614920874152223
17031240300,1107,300,0.27100271002710025
17031240500,1999,242,0.12106053026513257
17031240600,1218,483,0.39655172413793105
17031240700,1305,723,0.5540229885057472
17031240800,1319,785,0.5951478392721758
17031240900,900,493,0.5477777777777778
17031241000,1602,1003,0.6260923845193508
17031241100,3293,1330,0.40388703310051627
17031241200,1662,660,0.3971119133574007
17031241300,1714,661,0.3856476079346558
17031241400,4436,1221,0.27524797114517585
17031241500,2685,686,0.2554934823091248
17031241600,3279,1e3,0.3049710277523635
17031242000,4370,1726,0.39496567505720825
17031242100,3223,785,0.24356189885200125
17031242200,3052,879,0.2880078636959371
17031242300,2798,726,0.2594710507505361
17031242400,2574,1027,0.398989898989899
17031242500,3163,1535,0.4852987669933607
17031242600,5081,2571,0.5060027553631175
17031242700,1398,912,0.6523605150214592
17031242800,1140,514,0.45087719298245615
17031242900,1422,408,0.2869198312236287
17031243000,1995,721,0.36140350877192984
17031243100,2129,914,0.42930953499295443
17031243200,1856,561,0.30226293103448276
17031243300,2184,688,0.315018315018315
17031243400,2351,817,0.34751169715014885
17031243500,2696,606,0.2247774480712166
17031250200,2174,1526,0.7019319227230911
17031250300,3721,2682,0.720773985487772
17031250400,4017,2622,0.6527259148618372
17031250500,6311,2885,0.4571383299001743
17031250600,3624,2393,0.6603200883002207
17031250700,4368,2786,0.6378205128205128
17031250800,1864,1285,0.6893776824034334
17031251000,889,603,0.6782902137232846
17031251100,3353,2536,0.7563376081121383
17031251200,3577,2594,0.725188705619234
17031251300,3919,2853,0.7279918346516968
17031251400,3747,2563,0.6840138777688818
17031251500,3595,2798,0.7783031988873436
17031251600,3075,2319,0.7541463414634146
17031251700,965,723,0.7492227979274612
17031251800,3681,2992,0.8128226025536539
17031251900,3549,2782,0.7838827838827839
17031252000,4604,3366,0.7311033883579496
17031252101,1212,928,0.7656765676567657
17031252102,5177,3759,0.7260961947073594
17031252201,2492,1891,0.7588282504012841
17031252202,3627,2624,0.7234629170113042
17031260100,969,787,0.8121775025799793
17031260200,758,569,0.7506596306068601
17031260300,1239,926,0.7473769168684423
17031260400,976,815,0.8350409836065574
17031260500,1293,953,0.737045630317092
17031260600,1389,1165,0.8387329013678906
17031260700,1387,1153,0.8312905551550108
17031260800,1894,1492,0.7877507919746568
17031260900,1062,904,0.8512241054613936
17031261000,1741,1220,0.7007466973004021
17031270500,1439,1129,0.7845726198749131
17031271200,978,786,0.803680981595092
17031271300,846,622,0.735224586288416
17031271400,954,641,0.6719077568134172
17031271500,1117,900,0.8057296329453895
17031271800,606,540,0.8910891089108911
17031280100,6354,1019,0.16037141957821843
17031280400,1139,827,0.7260755048287972
17031280800,814,600,0.7371007371007371
17031280900,704,468,0.6647727272727273
17031281900,5049,1590,0.31491384432560904
17031282700,1782,948,0.531986531986532
17031282800,1426,778,0.5455820476858345
17031283100,2495,1457,0.5839679358717434
17031283200,1307,672,0.5141545524100994
17031283800,2984,1362,0.4564343163538874
17031290900,2892,2284,0.7897648686030428
17031291200,1713,1329,0.7758318739054291
17031291600,806,478,0.5930521091811415
17031292200,2173,1661,0.7643810400368155
17031292400,1800,1461,0.8116666666666666
17031292500,3254,2263,0.6954517516902274
17031300500,2219,1757,0.7917981072555205
17031300600,2621,1900,0.7249141549027089
17031300700,3318,2553,0.7694394213381555
17031300800,2913,2263,0.7768623412289736
17031300900,3099,2444,0.7886414972571797
17031301100,1802,1359,0.7541620421753608
17031301200,2204,1619,0.734573502722323
17031301600,3460,2488,0.7190751445086705
17031301701,2983,2126,0.7127053302044921
17031301702,3354,2612,0.7787716159809183
17031301801,2961,1942,0.6558595069233367
17031301802,2454,1920,0.78239608801956
17031301803,3869,3132,0.8095115016800207
17031310200,1300,587,0.45153846153846156
17031310300,1552,916,0.5902061855670103
17031310400,1059,610,0.5760151085930123
17031310500,1213,784,0.6463314097279472
17031310600,4044,2768,0.6844708209693373
17031310700,1187,858,0.7228306655433867
17031310800,3326,2316,0.6963319302465424
17031310900,3913,2660,0.6797853309481217
17031320100,11913,3385,0.2841433727860321
17031320400,3012,2338,0.7762284196547145
17031320600,4287,1020,0.23792862141357593
17031330100,16260,4258,0.26186961869618697
17031330200,3085,1190,0.3857374392220421
17031340300,1525,1098,0.72
17031340400,1832,1424,0.777292576419214
17031340500,1353,834,0.6164079822616408
17031340600,700,647,0.9242857142857143
17031350100,2042,1064,0.5210577864838394
17031350400,1156,1036,0.8961937716262975
17031351000,3626,1764,0.4864864864864865
17031351100,1347,1146,0.8507795100222717
17031351400,1347,1037,0.7698589458054937
17031351500,426,311,0.7300469483568075
17031360200,1190,849,0.7134453781512605
17031380100,1531,1039,0.6786414108425866
17031380200,1581,1069,0.6761543327008223
17031380500,598,451,0.754180602006689
17031380700,971,704,0.7250257466529351
17031381200,1455,656,0.45085910652920963
17031381400,1311,853,0.6506483600305111
17031381500,241,140,0.5809128630705395
17031381700,0,0,NaN
17031381800,974,584,0.5995893223819302
17031381900,1083,669,0.6177285318559557
17031390100,1187,551,0.464195450716091
17031390200,1413,658,0.4656758669497523
17031390300,2101,1465,0.6972870061875297
17031390400,2036,1224,0.6011787819253438
17031390500,1285,615,0.4785992217898833
17031390600,1560,650,0.4166666666666667
17031390700,5077,2177,0.42879653338585777
17031400300,844,545,0.6457345971563981
17031400400,1506,1057,0.701859229747676
17031400500,1508,1089,0.7221485411140584
17031400800,2072,1596,0.7702702702702703
17031410100,1590,756,0.47547169811320755
17031410200,1244,894,0.7186495176848875
17031410500,2274,1280,0.5628847845206685
17031410600,2247,1427,0.6350689808633734
17031410700,1817,1012,0.5569620253164557
17031410800,2622,1133,0.43211289092295957
17031410900,2707,1253,0.462874030291836
17031411000,2981,1140,0.3824220060382422
17031411100,1954,925,0.4733879222108495
17031411200,1366,577,0.4224011713030747
17031420100,1108,790,0.7129963898916968
17031420200,1269,806,0.6351457840819543
17031420300,2346,1885,0.8034953111679455
17031420400,932,605,0.6491416309012875
17031420500,1485,1055,0.7104377104377104
17031420600,1538,1238,0.8049414824447334
17031420700,2575,2068,0.8031067961165048
17031420800,1495,1012,0.676923076923077
17031421200,1154,795,0.6889081455805892
17031430101,2978,1984,0.6662189388851578
17031430102,2684,1710,0.6371087928464978
17031430200,3788,2579,0.6808342133051742
17031430300,1406,1089,0.7745376955903271
17031430400,2208,1765,0.7993659420289855
17031430500,2511,1692,0.6738351254480287
17031430600,1330,829,0.6233082706766917
17031430700,2154,1497,0.6949860724233984
17031430800,1392,809,0.5811781609195402
17031430900,1133,747,0.6593115622241836
17031431200,2546,1367,0.5369206598586017
17031431301,2449,1937,0.7909350755410371
17031431302,3090,2146,0.6944983818770226
17031431400,5330,3790,0.7110694183864915
17031440101,2735,1984,0.7254113345521024
17031440102,2706,1755,0.6485587583148559
17031440201,3864,2476,0.6407867494824017
17031440202,2953,1715,0.5807653233999323
17031440300,3850,2026,0.5262337662337663
17031440600,1661,914,0.5502709211318483
17031440700,1331,799,0.6003005259203607
17031440800,1340,990,0.7388059701492538
17031440900,1951,1352,0.6929779600205023
17031450300,3104,1690,0.5444587628865979
17031460100,2484,1758,0.7077294685990339
17031460200,1923,1461,0.7597503900156006
17031460301,2295,1600,0.6971677559912854
17031460302,2449,1930,0.7880767660269498
17031460400,2692,1684,0.62555720653789
17031460500,4165,2454,0.5891956782713085
17031460600,831,650,0.7821901323706378
17031460700,1745,1321,0.7570200573065903
17031461000,1360,1139,0.8375
17031470100,2008,1431,0.7126494023904383
17031480100,1873,900,0.4805125467164976
17031480200,958,563,0.5876826722338204
17031480300,1092,618,0.5659340659340659
17031480400,5099,3087,0.6054128260443224
17031480500,2530,1662,0.6569169960474308
17031490300,1807,1002,0.5545102379634754
17031490400,698,375,0.5372492836676218
17031490500,1778,1153,0.6484814398200225
17031490600,1348,817,0.6060830860534124
17031490700,2245,1586,0.70645879732739425
17031490800,3597,2452,0.6816791770920211
17031490901,3264,2122,0.6501225490196079
17031490902,4244,2689,0.6336003770028276
17031491000,3469,2775,0.7999423464975497
17031491100,3588,2340,0.6521739130434783
17031491200,1700,1086,0.6388235294117647
17031491300,1830,1519,0.8300546448087431
17031491400,2319,1699,0.7326433807675722
17031500100,2573,1449,0.5631558492032647
17031500200,1566,995,0.6353767560664112
17031500300,1251,741,0.592326139088729
17031510100,2261,1552,0.686421937195931
17031510200,2181,1289,0.5910132966529115
17031510300,4346,3033,0.6978831109065807
17031520100,1536,1072,0.6979166666666666
17031520200,2603,1770,0.6799846331156358
17031520300,4286,2881,0.6721885207652823
17031520400,3373,2068,0.6131040616661726
17031520500,3817,1995,0.5226617762640817
17031520600,2168,1502,0.6928044280442804
17031530100,1745,1244,0.712893982808023
17031530200,3275,2446,0.7468702290076336
17031530300,3502,2305,0.6581953169617362
17031530400,1696,961,0.566627358490566
17031530501,3748,2470,0.6590181430096052
17031530502,1236,839,0.6788025889967637
17031530503,4525,3175,0.7016574585635359
17031530600,2085,1467,0.7035971223021583
17031540101,2477,2176,0.8784820347194187
17031540102,2212,1962,0.8869801084990958
17031550100,5408,3081,0.5697115384615384
17031550200,2168,981,0.4524907749077491
17031560100,1180,743,0.6296610169491526
17031560200,1258,813,0.6462639109697933
17031560300,2594,1495,0.5763299922898998
17031560400,1348,818,0.6068249258160238
17031560700,2673,1421,0.5316124205013094
17031560800,4738,2512,0.5301815111861545
17031560900,4302,1772,0.4119014411901441
17031561000,4517,1923,0.4257250387425282
17031561100,4502,2326,0.5166592625499777
17031570100,1064,669,0.6287593984962406
17031570200,1660,948,0.5710843373493976
17031570300,4477,2942,0.6571364753182934
17031570400,1419,940,0.6624383368569415
17031570500,1725,1031,0.5976811594202899
17031580100,2343,1694,0.7230046948356808
17031580200,2585,1892,0.7319148936170212
17031580300,1942,1442,0.7425334706488157
17031580400,3266,2048,0.6270667483159829
17031580501,3781,2634,0.6966411002380323
17031580502,4147,2692,0.6491439594887871
17031580600,3995,2507,0.6275344180225282
17031580700,4498,3303,0.7343263672743442
17031580800,1356,1047,0.7721238938053098
17031590500,1582,966,0.6106194690265486
17031590600,2870,1903,0.6630662020905923
17031590700,2358,1409,0.5975402883799831
17031600400,3652,2492,0.6823658269441402
17031600600,2369,1598,0.6745462220346138
17031600700,2250,1522,0.6764444444444444
17031600900,3020,1730,0.5728476821192053
17031610300,4275,3364,0.7869005847953217
17031610400,1315,1127,0.8570342205323194
17031610800,1305,753,0.5770114942528736
17031611000,710,611,0.8605633802816901
17031611100,1807,1554,0.8599889319313779
17031611200,1869,1586,0.8485821294810059
17031611300,1979,1547,0.7817079332996463
17031611400,2660,2246,0.8443609022556391
17031611500,2467,1925,0.7802999594649371
17031611600,1282,940,0.733229329173167
17031611700,1009,769,0.7621407333994054
17031611800,1911,1580,0.826792255363684
17031611900,1364,1101,0.8071847507331378
17031612000,1097,842,0.7675478577939836
17031612100,806,624,0.7741935483870968
17031620100,3757,2596,0.6909768432259782
17031620200,2062,1142,0.553831231813773
17031620300,5883,3796,0.6452490226075132
17031620400,3609,2321,0.6431144361318925
17031630100,765,514,0.6718954248366014
17031630200,1538,1194,0.776332899869961
17031630300,4102,3069,0.7481716235982447
17031630400,5179,4011,0.7744738366480015
17031630500,4755,3520,0.7402733964248159
17031630800,5222,3682,0.7050938337801609
17031630900,3813,2759,0.7235772357723578
17031640100,1227,632,0.515077424612877
17031640300,5495,2483,0.4518653321201092
17031640400,3108,1669,0.537001287001287
17031640500,2977,1229,0.4128317097749412
17031640600,3522,2155,0.6118682566723452
17031640700,2445,1461,0.5975460122699386
17031640800,1402,815,0.5813124108416547
17031650100,3504,2424,0.6917808219178082
17031650200,5846,3561,0.6091344509066028
17031650301,4270,2639,0.6180327868852459
17031650302,3201,2023,0.6319900031240238
17031650400,5224,3489,0.6678790199081164
17031650500,3388,1899,0.5605076741440378
17031660301,1199,1015,0.8465387823185988
17031660302,4031,3179,0.7886380550731829
17031660400,4546,3210,0.7061152661680599
17031660500,3721,2799,0.7522171459285139
17031660600,4949,3647,0.7369165487977369
17031660700,1791,1428,0.7973199329983249
17031660800,3878,2798,0.7215059308922125
17031660900,3361,2611,0.7768521273430526
17031661000,4167,2885,0.6923446124310055
17031661100,4818,3260,0.6766293067662931
17031670100,894,633,0.7080536912751678
17031670200,612,421,0.6879084967320261
17031670300,916,735,0.8024017467248908
17031670400,1436,1110,0.7729805013927576
17031670500,920,733,0.7967391304347826
17031670600,1004,808,0.8047808764940239
17031670700,887,689,0.7767756482525366
17031670800,1089,805,0.7392102846648301
17031670900,1261,915,0.725614591593973
17031671100,747,574,0.7684069611780455
17031671200,734,655,0.8923705722070845
17031671300,1613,1251,0.7755734655920645
17031671400,1503,1234,0.8210246174318031
17031671500,2173,1750,0.8053382420616659
17031671600,1714,1372,0.8004667444574096
17031671800,973,729,0.7492291880781089
17031671900,869,675,0.7767548906789413
17031672000,3136,2127,0.6782525510204082
17031680500,1063,939,0.883349012229539
17031680600,1198,1033,0.8622704507512521
17031680900,2362,1945,0.823454699407282
17031681000,2573,2030,0.7889623008161679
17031681100,2392,1943,0.8122909698996655
17031681200,1843,1432,0.7769940314704287
17031681300,1631,1314,0.8056407112201104
17031681400,2116,1549,0.7320415879017014
17031690300,1820,1449,0.7961538461538461
17031690400,3077,2265,0.7361065973350667
17031690500,638,469,0.7351097178683386
17031690900,3944,2746,0.6962474645030426
17031691000,2166,1152,0.5318559556786704
17031691100,2567,1960,0.7635372029606544
17031691200,2488,1921,0.7721061093247589
17031691300,2114,1395,0.6598864711447493
17031691400,2530,1926,0.7612648221343874
17031691500,1518,1115,0.7345191040843215
17031700100,2483,1148,0.46234393878372937
17031700200,4964,2994,0.6031426269137792
17031700301,4653,2692,0.5785514721684935
17031700302,4374,2290,0.5235482395976223
17031700401,4844,2669,0.550990916597853
17031700402,3327,1824,0.5482416591523895
17031700501,6420,3436,0.535202492211838
17031700502,2757,1370,0.4969169387014871
17031710100,1002,824,0.8223552894211577
17031710200,3785,2861,0.7558784676354029
17031710300,1058,817,0.7722117202268431
17031710400,4317,3059,0.7085939309705814
17031710500,3266,2305,0.7057562767911819
17031710600,1402,1042,0.7432239657631954
17031710700,2424,1598,0.6592409240924092
17031710800,3985,2427,0.6090338770388959
17031710900,1817,1461,0.8040726472206935
17031711000,2658,1971,0.7415349887133182
17031711100,2090,1321,0.6320574162679425
17031711200,4291,2705,0.630389186669774
17031711300,1518,1089,0.717391304347826
17031711400,1967,1440,0.7320793085917641
17031711500,1986,1437,0.7235649546827795
17031720100,2745,984,0.3584699453551913
17031720200,3401,1400,0.4116436342252279
17031720300,3268,1335,0.40850673194614445
17031720400,1547,570,0.3684550743374273
17031720500,1756,548,0.3120728929384966
17031720600,1370,530,0.38686131386861317
17031720700,2646,1081,0.40854119425547997
17031730100,2162,1270,0.5874190564292322
17031730201,5078,3259,0.6417881055533675
17031730202,3025,1890,0.6247933884297521
17031730300,931,571,0.6133190118152524
17031730400,3445,1998,0.5799709724238026
17031730500,3577,2310,0.6457925636007827
17031730600,2662,1659,0.6232156273478587
17031730700,1869,1247,0.6672017121455324
17031740100,2426,870,0.3586150041220115
17031740200,5346,2605,0.4872802095024317
17031740300,3684,1326,0.35993485342019543
17031740400,3664,1589,0.43367903930131
17031750100,3505,2167,0.6182596291012838
17031750200,2612,1067,0.40849923430321594
17031750300,1917,752,0.3922796035472092
17031750400,2731,1093,0.40021969974368365
17031750500,5109,3010,0.5891563906831082
17031750600,2819,1838,0.6520042568286627
17031760801,3494,1693,0.48454493417286776
17031760802,2182,1060,0.4857928505957837
17031760803,5192,2493,0.4801617873651772
17031770201,4829,2027,0.41975564299026713
17031770202,4107,1847,0.4497199902605308
17031770300,5931,2418,0.4076884167931209
17031770400,4049,2120,0.5235860706347246
17031770500,2714,1630,0.6005895357406043
17031770601,2810,1664,0.592170818505338
17031770602,4214,2515,0.5968201233981965
17031770700,2219,1045,0.4709328526363227
17031770800,4782,2574,0.5382685069008782
17031770901,4703,2475,0.5262598341484159
17031770902,3124,1542,0.49359795134443024
17031800100,1909,736,0.3855421686746988
17031800200,4766,1523,0.319555182543013
17031800300,2573,1032,0.4010882238631947
17031800400,2691,1137,0.42251950947603123
17031800500,3693,1624,0.4397508800433252
17031800600,1866,879,0.47106109324758844
17031800700,3652,1496,0.40963855421686746
17031800800,1788,483,0.2701342281879195
17031800900,3522,1373,0.3898353208404316
17031801000,3821,1471,0.384977754514525
17031801100,3332,1215,0.36464585834333735
17031801200,2783,1211,0.4351419331656486
17031801300,3466,1293,0.3730525100980958
17031801400,2287,944,0.41276781810231744
17031801500,5144,2510,0.4879471228615863
17031801601,3884,1735,0.44670442842430486
17031801603,3237,1884,0.5820203892493049
17031801605,4587,1678,0.3658164377588838
17031801606,4997,1872,0.37462477486491896
17031801607,4494,1826,0.40631953716065866
17031801608,5600,2160,0.38571428571428573
17031801701,2904,1231,0.4238980716253444
17031801702,3617,1370,0.3787669339231407
17031801800,5e3,2025,0.405
17031801901,3372,1241,0.3680308422301305
17031801902,2737,1283,0.4687614176105225
17031802002,4014,1914,0.476831091180867
17031802003,2164,838,0.38724584103512016
17031802004,3957,2140,0.5408137477887288
17031802100,2607,1075,0.4123513617184503
17031802200,3588,1423,0.3965997770345596
17031802300,4139,1713,0.4138680840782798
17031802402,4573,2490,0.5445003280122458
17031802403,1327,445,0.33534287867370005
17031802404,6089,3416,0.5610116603711611
17031802503,4453,1924,0.43206826858297775
17031802504,5547,2701,0.48692987200288446
17031802505,4850,2600,0.5360824742268041
17031802506,2017,1073,0.5319781854238969
17031802605,6024,2503,0.4155046480743692
17031802607,1152,460,0.3993055555555556
17031802608,5754,2628,0.456725755995829
17031802609,5073,2622,0.5168539325842697
17031802610,1449,601,0.4147688060731539
17031802701,5267,2623,0.49800645528764004
17031802702,3905,1793,0.4591549295774648
17031802801,3940,1705,0.43274111675126903
17031802802,5225,2365,0.45263157894736844
17031802900,4734,1957,0.4133924799324039
17031803005,2343,1046,0.44643619291506614
17031803007,4175,1637,0.39209580838323355
17031803008,3558,1447,0.40668915120854415
17031803010,3955,1375,0.347661188369153
17031803012,1915,817,0.4266318537859008
17031803013,4532,1793,0.39563106796116504
17031803014,2773,1165,0.42012261089073205
17031803015,3715,1472,0.3962314939434724
17031803016,2025,944,0.46617283950617283
17031803017,5285,1937,0.3665089877010407
17031803100,2629,1026,0.3902624572080639
17031803200,4730,2163,0.4572938689217759
17031803300,4914,1687,0.3433048433048433
17031803400,4742,1820,0.38380430198228593
17031803500,4816,2214,0.4597176079734219
17031803603,5508,2084,0.3783587509077705
17031803604,3472,1423,0.40985023041474655
17031803605,5833,2611,0.4476255786044917
17031803606,6342,3564,0.5619678334910123
17031803607,4119,1463,0.35518329691672734
17031803608,6164,2830,0.4591174561972745
17031803610,6068,2491,0.41051417270929463
17031803611,4686,2603,0.5554844216816048
17031803612,2655,1416,0.5333333333333333
17031803701,2370,815,0.3438818565400844
17031803702,5081,1994,0.39244243259200945
17031803800,3732,1330,0.35637727759914256
17031803901,2821,1103,0.39099610067352003
17031803902,2852,1135,0.3979663394109397
17031804000,3821,1612,0.42187908924365347
17031804102,5648,2227,0.39429886685552407
17031804104,3930,1457,0.3707379134860051
17031804105,3349,1399,0.41773663780232906
17031804106,5988,2701,0.4510688042752171
17031804108,3461,1230,0.3553886160069344
17031804109,2587,1335,0.516041747197526
17031804201,6600,2896,0.4387878787878788
17031804202,6262,2515,0.40162887256467583
17031804305,6262,3246,0.5183647396997765
17031804306,4602,2566,0.5575836592785746
17031804308,4364,1594,0.36526122823098073
17031804309,2572,1394,0.5419906687402799
17031804310,7005,2589,0.369593147751606
17031804311,6221,2678,0.4304774152065584
17031804403,5469,2670,0.4882062534284147
17031804404,3780,1842,0.4873015873015873
17031804405,2364,1494,0.631979695431472
17031804406,5240,3163,0.6036259541984733
17031804505,2763,1132,0.4096996018820123
17031804506,4098,1724,0.42069302098584677
17031804507,9900,3971,0.4011111111111111
17031804508,1803,1028,0.5701608430393789
17031804509,4542,2533,0.5576838397181858
17031804510,4943,3117,0.6305887113089217
17031804511,2047,1144,0.558866634098681
17031804603,4584,1973,0.4304101221640489
17031804606,6135,2543,0.41450692746536266
17031804607,5751,2261,0.3931490175621631
17031804608,2938,1172,0.39891082368958475
17031804609,4942,1944,0.3933630109267503
17031804610,2067,631,0.30527334300919207
17031804611,3626,1355,0.3736900165471594
17031804701,5342,2424,0.45376263571695996
17031804705,3255,1525,0.4685099846390169
17031804706,2070,910,0.4396135265700483
17031804709,5327,2682,0.5034728740379201
17031804710,3484,1556,0.44661308840413316
17031804711,6229,2833,0.45480815540215125
17031804712,4148,1532,0.36933461909353904
17031804713,4139,1631,0.39405653539502294
17031804714,2959,1232,0.4163568773234201
17031804715,2480,1488,0.6
17031804716,4096,1844,0.4501953125
17031804803,4877,2288,0.4691408652860365
17031804804,5371,2254,0.41966114317631725
17031804805,5517,2581,0.4678267174188871
17031804806,2967,1677,0.5652173913043478
17031804807,3861,1953,0.5058275058275058
17031804808,2214,1097,0.495483288166215
17031804809,3499,1367,0.3906830523006573
17031804810,5746,2835,0.4933867037939436
17031804901,5226,2025,0.38748564867967855
17031804902,4648,2279,0.4903184165232358
17031805001,3838,1623,0.4228764981761334
17031805002,5571,2902,0.5209118650152575
17031805105,5352,2609,0.4874813153961136
17031805106,2562,1061,0.4141295862607338
17031805107,5357,2404,0.4487586335635617
17031805108,4931,2346,0.4757655647941594
17031805109,3698,1730,0.46782044348296375
17031805110,3786,1503,0.3969889064976228
17031805111,5807,2939,0.5061133115205786
17031805112,2750,1311,0.4767272727272727
17031805201,3165,1647,0.5203791469194313
17031805202,3476,1414,0.40678941311852707
17031805301,2784,1443,0.5183189655172413
17031805302,3176,1586,0.4993702770780856
17031805401,3204,1531,0.4778401997503121
17031805402,4086,2270,0.5555555555555556
17031805501,3237,1360,0.42014210688909487
17031805502,3052,1150,0.3768020969855832
17031805600,3524,1351,0.38337116912599317
17031805701,3885,1434,0.3691119691119691
17031805702,1501,603,0.40173217854763493
17031805801,1982,703,0.3546922300706357
17031805802,3865,1648,0.4263906856403622
17031805901,3526,1517,0.43023255813953487
17031805902,5414,2475,0.45714813446619873
17031806001,5192,2947,0.5676040061633282
17031806002,5822,3001,0.5154586052902782
17031806003,6563,3587,0.5465488343745238
17031806004,6299,3714,0.589617399587236
17031806102,3456,1396,0.4039351851851852
17031806103,4114,1768,0.4297520661157025
17031806104,3678,2056,0.55899945622621
17031806201,4096,1775,0.433349609375
17031806202,3722,1704,0.4578183772165502
17031806300,3618,1458,0.40298507462686567
17031806400,2176,1185,0.5445772058823529
17031806501,2124,1276,0.60075329566855
17031806502,3693,2034,0.5507717303005687
17031806600,2695,1047,0.38849721706864565
17031806700,3266,1114,0.34109001837109615
17031806801,3452,2079,0.6022595596755504
17031806802,2513,1095,0.4357341822522881
17031806900,4073,1860,0.4566658482690891
17031807000,5136,3378,0.6577102803738317
17031807100,2710,1090,0.4022140221402214
17031807200,4498,2101,0.4670964873277012
17031807300,6132,3110,0.5071754729288976
17031807400,5788,3655,0.6314789219073946
17031807500,2910,1081,0.37147766323024056
17031807600,5361,3087,0.5758254057078903
17031807700,4699,2735,0.5820387316450308
17031807800,2290,1036,0.4524017467248908
17031807900,3493,1723,0.49327225880332093
17031808001,3100,1584,0.5109677419354839
17031808002,3767,1887,0.5009291213166976
17031808100,3255,1741,0.5348694316436252
17031808200,4676,2527,0.5404191616766467
17031808301,5365,2740,0.51071761416589
17031808302,2992,1517,0.50701871657754
17031808400,3620,1951,0.5389502762430939
17031808500,3472,1824,0.5253456221198156
17031808600,1812,894,0.49337748344370863
17031808702,5306,4844,0.9129287598944591
17031808800,3069,1323,0.4310850439882698
17031808900,3341,1202,0.3597725231966477
17031809000,3110,1053,0.3385852090032154
17031809100,2632,799,0.30357142857142855
17031809200,3827,2197,0.5740789129866737
17031809300,4319,2874,0.6654318129196574
17031809400,5037,2567,0.5096287472702005
17031809500,3455,1559,0.4512301013024602
17031809600,2599,1313,0.5051943055021162
17031809700,3188,1413,0.4432245922208281
17031809800,2299,1070,0.46541974771639844
17031809900,2494,759,0.30433039294306335
17031810000,4086,1084,0.26529613313754286
17031810100,3731,1442,0.38649155722326456
17031810200,4811,2417,0.5023903554354604
17031810301,3154,1437,0.4556119213696893
17031810302,2438,977,0.4007383100902379
17031810400,4286,1613,0.3763415772281848
17031810501,4366,2313,0.5297755382501145
17031810502,4598,2807,0.6104828186167899
17031810600,3817,1962,0.5140162431228714
17031810701,4154,2335,0.5621088107847857
17031810702,3282,1868,0.5691651432053626
17031810800,4357,2344,0.5379848519623595
17031810900,5556,3054,0.5496760259179265
17031811000,3325,1528,0.45954887218045115
17031811100,5145,2872,0.5582118561710399
17031811200,4350,2180,0.5011494252873563
17031811301,3877,1931,0.49806551457312354
17031811302,2469,1466,0.5937626569461321
17031811401,4235,2260,0.5336481700118064
17031811402,3677,1833,0.4985042153929834
17031811500,5312,2748,0.5173192771084337
17031811600,4991,2571,0.515127229012222
17031811701,2845,1629,0.5725834797891037
17031811702,3801,2065,0.5432780847145487
17031811800,4296,2421,0.5635474860335196
17031811900,4737,2512,0.530293434663289
17031812000,4111,1611,0.3918754560934079
17031812100,3477,1261,0.36266896750071903
17031812200,3005,1193,0.39700499168053244
17031812301,3379,1119,0.33116306599585676
17031812302,2240,821,0.3665178571428571
17031812400,2581,1012,0.3920960867880666
17031812500,2792,1374,0.49212034383954156
17031812600,2824,1192,0.42209631728045327
17031812700,2941,1191,0.40496429785787147
17031812801,2630,1059,0.4026615969581749
17031812802,2093,761,0.3635929288103201
17031812900,3665,1447,0.3948158253751705
17031813000,2800,1141,0.4075
17031813100,3773,1585,0.420090113967665
17031813200,3367,1303,0.38699138699138697
17031813301,2269,1585,0.6985456148082856
17031813302,2685,1784,0.6644320297951583
17031813400,5401,3755,0.6952416219218663
17031813500,5156,3260,0.6322730799069046
17031813600,3565,2312,0.6485273492286115
17031813701,2712,2053,0.7570058997050148
17031813702,2761,1866,0.6758420862006519
17031813801,2391,1629,0.6813048933500627
17031813802,4018,2866,0.713290194126431
17031813900,4904,3500,0.7137030995106036
17031814000,4032,2645,0.6560019841269841
17031814100,3148,2218,0.704574332909784
17031814200,4911,3507,0.7141111789859499
17031814300,3518,2483,0.7057987492893689
17031814400,5718,3485,0.6094788387548093
17031814500,4442,2404,0.5411976587122918
17031814600,4051,2467,0.6089854356948902
17031814700,4592,2708,0.5897212543554007
17031814800,5299,2954,0.5574636723910171
17031814900,5224,2898,0.5547473200612557
17031815000,2948,1679,0.569538670284939
17031815100,3397,1961,0.5772740653517809
17031815200,4907,2583,0.5263908701854494
17031815300,2871,1492,0.5196795541623128
17031815400,4294,2009,0.467862133209129
17031815500,6706,3620,0.5398150909633165
17031815600,4256,2308,0.5422932330827067
17031815701,2797,1065,0.3807651054701466
17031815702,4224,1899,0.44957386363636365
17031815800,1303,607,0.4658480429777437
17031815900,4351,1908,0.43851988048724433
17031816000,2871,987,0.3437826541274817
17031816100,5196,2546,0.4899923017705928
17031816200,3193,1752,0.5487002818665832
17031816300,4025,2240,0.5565217391304348
17031816401,3957,2687,0.6790497851908011
17031816402,3052,1910,0.6258191349934469
17031816500,3201,2074,0.647922524211184
17031816600,3561,2416,0.6784611064307778
17031816700,2065,1149,0.5564164648910411
17031816800,4517,2276,0.50387425282267
17031816900,4442,2643,0.595002251238181
17031817000,4425,2546,0.5753672316384181
17031817101,3964,2350,0.5928355196770938
17031817102,2794,1741,0.6231209735146743
17031817200,3494,2291,0.6556954779622209
17031817300,1754,1256,0.7160775370581528
17031817400,3052,1928,0.6317169069462647
17031817500,2868,2031,0.7081589958158996
17031817600,3437,2151,0.6258364853069538
17031817700,4308,2643,0.6135097493036211
17031817900,4760,2586,0.5432773109243697
17031818000,3689,1914,0.518839793982109
17031818100,2030,873,0.43004926108374386
17031818200,3676,1602,0.4357997823721436
17031818300,5103,3199,0.6268861454046639
17031818401,2926,1380,0.47163362952836635
17031818402,2649,1147,0.4329935824839562
17031818500,4710,1985,0.42144373673036095
17031818600,3928,1639,0.41726069246435843
17031818700,2883,1075,0.37287547693374956
17031818800,4363,1958,0.4487737795095118
17031818900,3831,1608,0.4197337509788567
17031819000,3357,1388,0.41346440274054214
17031819100,3844,2160,0.5619146722164412
17031819200,4671,2703,0.5786769428387926
17031819300,2271,1036,0.456186701893439
17031819400,4440,2110,0.4752252252252252
17031819500,2548,1187,0.46585557299843017
17031819600,2782,1155,0.41516894320632636
17031819700,4312,1624,0.37662337662337664
17031819801,3956,1385,0.3501011122345804
17031819802,2155,920,0.42691415313225056
17031819900,2554,950,0.37196554424432265
17031820000,1679,796,0.47409172126265636
17031820101,5706,2263,0.3966000701016474
17031820103,3294,1780,0.5403764420157863
17031820104,3534,1929,0.5458404074702886
17031820201,6793,2412,0.35507139702635065
17031820202,2717,1538,0.5660655134339345
17031820300,3740,2109,0.563903743315508
17031820400,4725,3395,0.7185185185185186
17031820501,5073,2552,0.5030553912872068
17031820502,4173,2561,0.6137071651090342
17031820603,4162,2286,0.54925516578568
17031820604,2936,1814,0.6178474114441417
17031820605,3251,1814,0.557982159335589
17031820606,3084,1300,0.42153047989623865
17031820700,5197,2134,0.41062151241100636
17031820800,3269,1826,0.5585806056898134
17031820901,4415,2643,0.5986409966024915
17031820902,3809,2172,0.5702284064058808
17031821001,4032,2272,0.5634920634920635
17031821002,4554,2647,0.5812472551602986
17031821101,3810,2132,0.5595800524934383
17031821102,3422,1962,0.5733489187609585
17031821200,4967,3138,0.6317696798872559
17031821300,4482,2770,0.6180276662204373
17031821401,3242,2007,0.6190623072177668
17031821402,2686,1459,0.543186895011169
17031821500,1339,891,0.6654219566840927
17031821600,3793,1961,0.5170050092275243
17031821700,3707,1631,0.43997841920690584
17031821800,4326,2008,0.4641701340730467
17031821900,4050,1935,0.4777777777777778
17031822000,3761,2063,0.5485243286360011
17031822101,3580,1868,0.5217877094972067
17031822102,4049,1945,0.48036552235119784
17031822200,3279,1489,0.45410186032326927
17031822301,3105,1919,0.6180354267310789
17031822302,3925,2178,0.5549044585987262
17031822400,4307,2585,0.6001857441374506
17031822500,3608,1684,0.46674057649667405
17031822601,3974,2002,0.5037745344740815
17031822602,6142,3064,0.49886030608922177
17031822701,3362,1563,0.46490184414039265
17031822702,2825,1534,0.5430088495575222
17031822801,2480,1032,0.4161290322580645
17031822802,2829,1249,0.4414987628137151
17031822900,1702,1079,0.6339600470035253
17031823001,4856,2911,0.5994645799011532
17031823002,4504,2432,0.5399644760213144
17031823101,3622,2079,0.5739922694643843
17031823102,2974,1794,0.6032279757901816
17031823200,3718,1856,0.49919311457772997
17031823302,5181,2820,0.5442964678633468
17031823303,3649,2116,0.5798848999725952
17031823304,4771,2468,0.5172919723328443
17031823400,3971,2280,0.5741626794258373
17031823500,3761,2183,0.5804307365062483
17031823602,5484,2528,0.46097738876732314
17031823603,1820,1317,0.7236263736263736
17031823604,3026,1410,0.46596166556510243
17031823605,3468,1843,0.5314302191464821
17031823702,5231,2463,0.47084687440259987
17031823703,5710,3468,0.6073555166374781
17031823704,3499,1777,0.5078593883966848
17031823705,3888,2234,0.5745884773662552
17031823801,4569,1842,0.40315167432698623
17031823803,5954,2867,0.48152502519314744
17031823805,2422,1128,0.46573080099091657
17031823806,3177,1804,0.5678312873780296
17031823901,3225,1339,0.4151937984496124
17031823903,3924,1581,0.4029051987767584
17031823904,3643,1489,0.40872906944825693
17031824003,5444,2526,0.46399706098457016
17031824004,4671,2176,0.46585313637336756
17031824005,4521,1898,0.4198186241981862
17031824006,3365,1414,0.4202080237741456
17031824105,5412,2281,0.42147080561714706
17031824106,5788,2434,0.42052522460262615
17031824107,5916,2898,0.4898580121703854
17031824108,6391,3160,0.4944453137224222
17031824113,5857,2797,0.4775482328837289
17031824114,4154,1746,0.4203177660086663
17031824115,3163,1526,0.48245336705659186
17031824116,4022,1941,0.4825957235206365
17031824117,8172,3497,0.4279246206558982
17031824119,4940,2347,0.4751012145748988
17031824120,7486,2846,0.38017632914774246
17031824121,2591,1023,0.39482825164029334
17031824122,5390,2214,0.41076066790352506
17031824123,6563,3094,0.4714307481334755
17031824300,3695,2662,0.7204330175913396
17031824400,2033,1296,0.6374815543531727
17031824503,5981,2251,0.37635846848353116
17031824505,5741,2322,0.40445915345758576
17031824506,6364,2510,0.39440603394091767
17031824507,3467,1552,0.44764926449379866
17031824601,4170,1811,0.4342925659472422
17031824602,5410,2404,0.444362292051756
17031824701,3488,1936,0.555045871559633
17031824702,4737,2583,0.545281823939202
17031824800,5472,3872,0.7076023391812866
17031824900,2410,1568,0.6506224066390042
17031825000,4071,2037,0.5003684598378777
17031825200,1575,831,0.5276190476190477
17031825302,4991,2198,0.44039270687237025
17031825303,3131,1471,0.46981794953688916
17031825304,3547,1467,0.4135889484071046
17031825400,4318,1467,0.3397406206577119
17031825501,4142,2315,0.5589087397392564
17031825503,5589,3030,0.5421363392377885
17031825504,3025,1622,0.536198347107438
17031825505,4409,2563,0.5813109548650488
17031825600,4181,2777,0.6641951686199474
17031825700,3411,2282,0.6690120199355027
17031825801,2663,1697,0.6372512204280886
17031825802,4823,3037,0.6296910636533278
17031825803,4630,2709,0.585097192224622
17031825900,2887,1885,0.652926913751299
17031826000,2113,1344,0.6360624704212021
17031826100,5532,3495,0.6317787418655098
17031826201,3332,2022,0.6068427370948379
17031826202,4520,2863,0.6334070796460177
17031826301,3178,1679,0.5283196979232222
17031826303,3534,2203,0.623372948500283
17031826304,2310,1485,0.6428571428571429
17031826401,3164,1842,0.5821744627054362
17031826402,3975,2398,0.6032704402515723
17031826500,4974,3548,0.7133092078809811
17031826600,4216,2646,0.6276091081593927
17031826700,4332,2703,0.6239612188365651
17031826800,3732,2557,0.685155412647374
17031826901,1481,1226,0.8278190411883862
17031826902,1007,751,0.7457795431976166
17031827000,2847,2156,0.7572883737267299
17031827100,2106,1506,0.7150997150997151
17031827200,3524,2318,0.6577752553916004
17031827300,2156,1707,0.7917439703153989
17031827400,3667,2753,0.7507499318243797
17031827500,4330,3170,0.7321016166281755
17031827600,2631,1638,0.6225769669327252
17031827700,2185,1480,0.6773455377574371
17031827801,4088,2446,0.5983365949119374
17031827802,2804,1525,0.5438659058487875
17031827804,2801,1362,0.4862549089610853
17031827805,2407,1183,0.4914831740756128
17031827901,2269,1268,0.5588364918466284
17031827902,3853,2105,0.5463275369841681
17031828000,4536,2946,0.6494708994708994
17031828100,3705,1931,0.5211875843454791
17031828201,3358,1601,0.47677188802858844
17031828202,3848,1868,0.48544698544698545
17031828300,2866,1559,0.5439637124912771
17031828401,2893,1352,0.46733494642239887
17031828402,3332,1813,0.5441176470588235
17031828503,3380,2074,0.6136094674556213
17031828504,4793,3016,0.6292509910285834
17031828505,5459,3136,0.5744641875801428
17031828506,7533,4423,0.5871498738882251
17031828601,3225,1224,0.37953488372093025
17031828602,3806,1816,0.4771413557540725
17031828701,2989,1391,0.46537303445968553
17031828702,4353,2583,0.5933838731909028
17031828801,4669,2310,0.4947526236881559
17031828802,2948,1486,0.5040705563093623
17031828900,2368,1606,0.6782094594594594
17031829000,857,713,0.8319719953325554
17031829100,2809,2227,0.792808828764685
17031829200,4444,2897,0.6518901890189019
17031829301,3534,1865,0.5277306168647425
17031829302,3307,2523,0.7629271242818264
17031829401,1082,848,0.7837338262476895
17031829402,2567,1380,0.5375925204518893
17031829500,3386,2392,0.7064382752510336
17031829600,2355,1282,0.5443736730360934
17031829700,3454,2299,0.6656050955414012
17031829800,5446,2195,0.4030481087036357
17031829901,7637,3438,0.45017677098337044
17031829902,5062,2180,0.4306598182536547
17031830001,2218,1121,0.5054102795311091
17031830003,5894,2541,0.4311163895486936
17031830004,6168,2713,0.4398508430609598
17031830005,3696,1208,0.3268398268398268
17031830006,1812,761,0.41997792494481234
17031830007,4155,2395,0.5764139590854392
17031830008,3613,1638,0.45336285635206197
17031830100,2468,1191,0.48257698541329014
17031830201,4668,2218,0.47514995715509856
17031830202,2600,1230,0.47307692307692306
17031830300,3901,2654,0.6803383747756986
17031830400,3508,1663,0.4740592930444698
17031830500,3439,2506,0.7287002035475428
17031830600,3835,2201,0.5739243807040417
17031830700,3115,1671,0.5364365971107544
17031830800,2306,665,0.2883781439722463
17031830900,2419,703,0.2906159570070277
17031831000,1828,312,0.17067833698030635
17031831100,6758,4114,0.6087599881621781
17031831200,3747,2573,0.6866826794769149
17031831300,918,666,0.7254901960784313
17031831400,2412,1757,0.728441127694859
17031831500,2897,1463,0.505005177770107
17031831600,6082,3952,0.6497862545215389
17031831700,1858,1082,0.5823466092572659
17031831800,4822,2791,0.5788054749066778
17031831900,2297,436,0.18981279930343928
17031832000,1715,552,0.321865889212828
17031832100,2890,1054,0.36470588235294116
17031832200,2873,839,0.2920292377305952
17031832300,1668,494,0.2961630695443645
17031832400,2717,1038,0.382039013617961
17031832500,3126,1427,0.4564939219449776
17031832600,3306,745,0.22534785238959468
17031832900,2364,1450,0.6133671742808798
17031833000,2950,790,0.2677966101694915
17031833100,6658,1802,0.2706518474016221
17031833300,2445,1625,0.6646216768916156
17031833900,1777,1403,0.7895329206527856
17031834000,2495,1565,0.627254509018036
17031834200,3559,2302,0.6468109019387468
17031834300,5216,3566,0.6836656441717791
17031834400,3345,2080,0.6218236173393124
17031834500,958,676,0.7056367432150313
17031834600,2133,1708,0.8007501172058135
17031834700,1299,1038,0.7990762124711316
17031834800,1203,939,0.7805486284289277
17031834900,1677,1356,0.8085867620751341
17031835000,4538,3508,0.7730277655354781
17031835100,4300,3130,0.727906976744186
17031835200,1461,874,0.5982203969883642
17031835500,1196,922,0.7709030100334449
17031835600,765,572,0.7477124183006536
17031835700,376,286,0.7606382978723404
17031835800,1190,613,0.515126050420168
17031835900,2482,1705,0.6869460112812248
17031836000,1975,1065,0.5392405063291139
17031836100,1409,922,0.6543647977288858
17031836200,1631,1489,0.9129368485591661
17031836300,1249,687,0.5500400320256205
17031836400,2587,1390,0.5373018940858136
17031836500,1167,744,0.6375321336760925
17031836600,2268,1436,0.6331569664902998
17031836700,1691,1176,0.6954464813719693
17031836800,1630,1368,0.8392638036809816
17031836900,1032,775,0.750968992248062
17031837000,1329,870,0.654627539503386
17031837100,1568,1031,0.6575255102040817
17031837300,1870,1273,0.6807486631016043
17031837400,1859,1393,0.7493275954814417
17031837800,2630,1630,0.6197718631178707
17031838000,2292,1578,0.6884816753926701
17031838100,1736,1103,0.6353686635944701
17031838200,1976,1628,0.8238866396761133
17031838300,1309,720,0.5500381970970206
17031838600,1017,857,0.8426745329400197
17031838700,3428,2854,0.8325554259043174
17031838800,2402,1844,0.7676935886761033
17031839000,7735,2689,0.3476405946994182
17031839100,5821,2612,0.4487201511767738
17031839200,2234,1304,0.5837063563115488
17031839500,1280,833,0.65078125
17031839600,1612,941,0.5837468982630273
17031839700,3657,1852,0.5064260322668854
17031839800,2596,1557,0.599768875192604
17031839900,3444,1756,0.5098722415795587
17031840000,2294,1079,0.47035745422842196
17031840100,2375,1748,0.736
17031840200,2049,1265,0.6173743289409468
17031840300,2972,1857,0.6248317631224765
17031840400,2696,1795,0.6658011869436202
17031840700,2831,2142,0.7566231013776051
17031840800,2145,1751,0.8163170163170164
17031841000,725,286,0.39448275862068966
17031841100,6159,4573,0.7424906640688423
17031841200,3874,2619,0.6760454310789882
17031841300,3253,1897,0.5831540116815247
17031841400,918,662,0.7211328976034859
17031841500,2087,1772,0.8490656444657403
17031841600,543,408,0.7513812154696132
17031841700,1398,1114,0.7968526466380543
17031841800,1892,1259,0.6654334038054969
17031841900,5812,3561,0.6126978664831383
17031842000,3048,2549,0.8362860892388452
17031842100,5236,3860,0.7372039724980901
17031842200,2526,787,0.31155977830562154
17031842300,3111,904,0.290581806493089
17031842400,2576,1542,0.5986024844720497
17031842500,1309,1068,0.8158899923605806
17031842600,3794,2182,0.5751186083289405
17031842800,5405,3916,0.7245143385753932
17031842900,1847,1323,0.7162966973470493
17031843000,1854,1497,0.8074433656957929
17031843100,1308,1064,0.8134556574923547
17031843200,1627,917,0.5636140135218193
17031843300,1649,1273,0.7719830200121286
17031843400,1017,798,0.7846607669616519
17031843500,9105,8651,0.9501372872048325
17031843600,2039,1283,0.6292300147130947
17031843700,1914,733,0.3829676071055381
17031843800,1346,883,0.6560178306092125
17031843900,3253,2027,0.6231171226560098
17031980000,0,0,NaN
17031980100,0,0,NaN
17031990000,0,0,NaN
