group2,group3,totbal,newtotbal,balchange
treatment,treatment,121.32,4.62,-116.69999694824219
control,marketing,125.19,0,-125.19000244140625
treatment,treatment,529.39,4139.34,3609.949951171875
control,marketing,101.8,105.94,4.139999866485596
control,control,118.04,0,-118.04000091552734
control,control,532.69,362.74,-169.9499969482422
treatment,treatment,598.41,2323.5,1725.0899658203125
treatment,treatment,548.72,373.13,-175.58999633789062
control,control,520.69,136.89,-383.79998779296875
control,control,2050.01,900.57,-1149.43994140625
treatment,treatment,411.1,154.38,-256.7200012207031
control,control,648.11,112.33,-535.780029296875
control,control,209.67,0,-209.6699981689453
control,marketing,573.2,360.91,-212.2899932861328
control,control,0,0,0
control,marketing,481.37,201.37,-280
control,marketing,120.64,127.73,7.090000152587891
treatment,treatment,250.75,261.58,10.829999923706055
treatment,treatment,1176.39,2081.37,904.97998046875
treatment,treatment,529.33,402.19,-127.13999938964844
control,marketing,1192.94,912.94,-280
control,control,465.97,185.97,-280
treatment,treatment,417.3,324.02,-93.279998779296875
control,control,2001.03,0,-2001.030029296875
treatment,treatment,310.51,0,-310.510009765625
treatment,treatment,322.2,42.2,-280
control,control,144.26,153.85,9.59000015258789
control,control,309.95,260.86,-49.09000015258789
control,control,461.34,181.34,-280
control,marketing,86.64,0,-86.63999938964844
treatment,treatment,514.28,1535.22,1020.9400024414062
treatment,treatment,103.22,0,-103.22000122070312
treatment,treatment,510.54,631.32,120.77999877929688
treatment,treatment,1095.8,0,-1095.800048828125
treatment,treatment,1285.82,326.01,-959.80999755859375
treatment,treatment,526.26,47.7,-478.55999755859375
control,control,526.82,548.27,21.450000762939453
control,marketing,121.52,0,-121.5199966430664
control,marketing,548.13,269.63,-278.5
treatment,treatment,510.49,127.56,-382.92999267578125
treatment,treatment,305.11,317.52,12.40999984741211
control,marketing,401.59,313.53,-88.05999755859375
treatment,treatment,540.16,305.96,-234.1999969482422
control,control,107.12,0,-107.12000274658203
control,control,210.39,202.51,-7.880000114440918
treatment,treatment,1262.94,527.55,-735.3900146484375
treatment,treatment,147.13,53.73,-93.4000015258789
treatment,treatment,118.95,123.79,4.840000152587891
treatment,treatment,500.48,667.47,166.99000549316406
treatment,treatment,532.69,462.74,-69.94999694824219
control,marketing,132.8,138.2,5.400000095367432
control,marketing,422.72,439.93,17.209999084472656
treatment,treatment,103.43,0,-103.43000030517578
treatment,treatment,1088.12,320.67,-767.45001220703125
control,control,110.84,118.39,7.550000190734863
treatment,treatment,513.08,10895.12,10382.0400390625
control,control,223.17,1822.04,1598.8699951171875
treatment,treatment,514.19,535.12,20.93000030517578
control,control,217.42,233.68,16.260000228881836
treatment,treatment,156.81419921875,0,-155.16000366210938
control,marketing,1074.89,1989.57,914.67999267578125
control,marketing,246.69,380.12,133.42999267578125
treatment,treatment,0,0,0
control,marketing,838.56,696.63,-141.92999267578125
treatment,treatment,389.29,321.91,-67.37999725341797
treatment,treatment,160.45,88.32,-72.12999725341797
treatment,treatment,531.31,382.75,-148.55999755859375
control,marketing,526.4,0,-526.4000244140625
treatment,treatment,496.69,216.69,-280
control,control,981.02,1034.36,53.34000015258789
control,control,460.91,180.91,-280
treatment,treatment,1004.71,724.71,-280
control,control,532.6,362.64,-169.9600067138672
control,control,1594.25,1314.25,-280
treatment,treatment,512.6,533.48,20.8799991607666
control,control,1043.47,111.65,-931.82000732421875
treatment,treatment,266.8,277.67,10.869999885559082
control,marketing,135.02,100.14,-34.880001068115234
control,control,2132.17,2218.99,86.81999969482422
control,control,100.93,105.02,4.090000152587891
control,marketing,0,0,0
control,marketing,511.24,532.05,20.809999465942383
treatment,treatment,205.94,214.35,8.40999984741211
treatment,treatment,156.7,43.09,-113.61000061035156
treatment,treatment,0,3100.86,3100.860107421875
control,control,510.59,125.98,-384.6099853515625
treatment,treatment,544.31,480.36,-63.95000076293945
control,control,298.52,310.67,12.149999618530273
treatment,treatment,285.82,5.82,-280
control,marketing,461.03,181.03,-280
control,control,50,0,-50
control,marketing,514.19,535.12,20.93000030517578
control,marketing,172.75,6940.77,6768.02001953125
control,control,505.55,315.88,-189.6699981689453
control,control,1066.66,990.21,-76.44999694824219
control,marketing,502.01,522.44,20.43000030517578
treatment,treatment,209.74,0,-209.74000549316406
control,control,989.1,49.1,-940
control,control,587.69,0,-587.69000244140625
control,control,506.91,226.91,-280
treatment,treatment,100.92,719.5,618.58001708984375
control,marketing,2084.02,826.93,-1257.0899658203125
control,control,940.22,0,-940.219970703125
control,marketing,317.4,284.5,-32.900001525878906
control,control,107.09,111.44,4.349999904632568
control,control,1162,0,-1162
treatment,treatment,110.18,100,-10.180000305175781
control,marketing,1874.35,1880.3,5.949999809265137
control,control,301.91,190.08,-111.83000183105469
treatment,treatment,480.69,0,-480.69000244140625
treatment,treatment,150.11,854.37,704.260009765625
control,marketing,461.55,181.55,-280
treatment,treatment,510.96,631.76,120.80000305175781
treatment,treatment,444.43,0,-444.42999267578125
control,marketing,187.05,31.08,-155.97000122070312
treatment,treatment,241.2,45.09,-196.11000061035156
control,marketing,1088.88,109.21,-979.66998291015625
control,control,1063.87,178.67,-885.20001220703125
treatment,treatment,2065.5,2096.93,31.43000030517578
control,marketing,507.61,528.28,20.670000076293945
control,marketing,594.37,629.36,34.9900016784668
treatment,treatment,1456.02,738.88,-717.1400146484375
treatment,treatment,123.76,160.46,36.70000076293945
control,control,37.62,0,-37.619998931884766
control,marketing,0,0,0
control,marketing,100.69,106.52,5.829999923706055
treatment,treatment,518.08,1056.32,538.239990234375
treatment,treatment,506.92,527.57,20.649999618530273
treatment,treatment,108.33,1664.06,1555.72998046875
treatment,treatment,513.57,534.48,20.90999984741211
control,marketing,243.77,0,-243.77000427246094
treatment,treatment,407.62,505.6,97.9800033569336
control,marketing,1967.08,707.08,-1260
treatment,treatment,1000,2984.88,1984.8800048828125
control,control,2065.28,806.71,-1258.5699462890625
control,control,870.79,707.22,-163.57000732421875
treatment,treatment,1262.28,982.28,-280
control,marketing,552.61,100,-452.6099853515625
control,marketing,102.33,344.53,242.1999969482422
treatment,treatment,1897.75,637.75,-1260
control,control,389.61,132.71,-256.8999938964844
treatment,treatment,28.17,0,-28.170000076293945
treatment,treatment,1411.64,470,-941.6400146484375
treatment,treatment,109.33,73.48,-35.849998474121094
control,marketing,163.06,293.68,130.6199951171875
control,control,542.85,564.93,22.079999923706055
control,marketing,559.92,3720.11,3160.18994140625
treatment,treatment,100.6,244.07,143.47000122070312
control,marketing,141.34,147.71,6.369999885559082
control,control,547.96,272.35,-275.6099853515625
control,marketing,1110.94,582.79,-528.1500244140625
treatment,treatment,0,0,0
control,control,511.62,532.46,20.84000015258789
treatment,treatment,1335.64,4720.27,3384.6298828125
treatment,treatment,112.53,56.5,-56.029998779296875
control,marketing,664.36,673.07,8.710000038146973
control,marketing,203.9,212.18,8.279999732971191
control,control,287.71,7.71,-280
control,marketing,504.27,119.54,-384.7300109863281
control,control,1394.32,310.47,-1083.8499755859375
treatment,treatment,102.16,182.23,80.06999969482422
control,control,322.86,65.44,-257.4200134277344
control,control,406.57,221.18,-185.38999938964844
control,marketing,517.5,0,-517.5
treatment,treatment,107.15,0,-107.1500015258789
treatment,treatment,203.42,0,-203.4199981689453
treatment,treatment,287.38,133.56,-153.82000732421875
treatment,treatment,267.86,224.86,-43
control,control,1608.58,500.26,-1108.3199462890625
control,marketing,444.9,164.9,-280
control,control,507.41,445.74,-61.66999816894531
control,marketing,590.4,255.3,-335.1000061035156
control,marketing,461.1,0,-461.1000061035156
control,control,389.43,109.43,-280
treatment,treatment,535.57,444.18,-91.38999938964844
control,control,129.55,134.82,5.269999980926514
control,control,461.1,181.1,-280
treatment,treatment,389.14,109.14,-280
treatment,treatment,503.38,1169.14,665.760009765625
control,marketing,139.36,4.47,-134.88999938964844
treatment,treatment,864.49,1145.49,281
treatment,treatment,512.77,633.65,120.87999725341797
control,marketing,570.67,290.67,-280
treatment,treatment,1084.3,1006.22,-78.08000183105469
control,marketing,112.31,118.65,6.340000152587891
treatment,treatment,100.64,204.72,104.08000183105469
control,marketing,1155.02,1774.79,619.77001953125
control,control,60.16,0,-60.15999984741211
control,control,201.99,210.22,8.229999542236328
treatment,treatment,442.95,103.05,-339.8999938964844
treatment,treatment,1650.89,1732.52,81.62999725341797
control,marketing,892.73,664.14,-228.58999633789062
treatment,treatment,2046.91,786.91,-1260
treatment,treatment,267.46,592.56,325.1000061035156
treatment,treatment,531.05,1869.15,1338.0999755859375
treatment,treatment,2078.56,864.33,-1214.22998046875
control,control,544.82,353.6,-191.22000122070312
treatment,treatment,522.54,304.51,-218.02999877929688
treatment,treatment,538.9,604.64,65.73999786376953
treatment,treatment,598.53,1143.16,544.6300048828125
treatment,treatment,180.11,146.95,-33.15999984741211
control,control,522.28,459.23,-63.04999923706055
control,marketing,515.74,516.74,1
control,control,1540,560,-980
treatment,treatment,131.16,136.51,5.349999904632568
control,marketing,2086.56,851.32,-1235.239990234375
control,control,128.73,133.97,5.239999771118164
treatment,treatment,106.27,100,-6.269999980926514
control,marketing,206.1,0,-206.10000610351562
control,marketing,573.06,2206.5,1633.43994140625
treatment,treatment,322.6,164.34,-158.25999450683594
control,marketing,1217.77,558.86,-658.90997314453125
treatment,treatment,531.72,361.76,-169.9600067138672
treatment,treatment,1964.34,1684.34,-280
control,control,501.06,521.46,20.399999618530273
control,marketing,143,152.29,9.289999961853027
treatment,treatment,158.86,165.32,6.460000038146973
control,marketing,0,2338.23,2338.22998046875
control,control,0,0,0
treatment,treatment,675.36,806.1,130.74000549316406
treatment,treatment,544.3,740.33,196.02999877929688
control,control,379.89,143.96,-235.92999267578125
control,marketing,519.27,498.99,-20.280000686645508
control,marketing,135.5,0,-135.5
treatment,treatment,100.66,104.74,4.079999923706055
control,marketing,1227.97,396.79,-831.17999267578125
control,marketing,512.77,123.3,-389.4700012207031
control,marketing,510.59,2081.43,1570.8399658203125
treatment,treatment,524.82,1966.42,1441.5999755859375
treatment,treatment,184.85,384.98,200.1300048828125
control,marketing,266.83,277.7,10.869999885559082
control,marketing,177.35,184.58,7.230000019073486
control,control,522.95,459.95,-63
control,marketing,1061.72,781.72,-280
treatment,treatment,513.08,579.16,66.08000183105469
control,control,196.58,0,-196.5800018310547
control,marketing,2002.09,742.09,-1260
treatment,treatment,113.01,36.68,-76.33000183105469
treatment,treatment,127.55,132.75,5.199999809265137
control,marketing,910.48,630.48,-280
treatment,treatment,2053.98,1907.11,-146.8699951171875
treatment,treatment,114.51,119.18,4.670000076293945
control,control,1002.22,722.22,-280
treatment,treatment,101.3,6117.83,6016.52978515625
control,control,1018.59,238.34,-780.25
control,marketing,253.53,78.31,-175.22000122070312
treatment,treatment,632.08,477.13,-154.9499969482422
treatment,treatment,2048.56,6563.56,4515
treatment,treatment,182.96,67.93,-115.02999877929688
treatment,treatment,2052.35,4370.76,2318.409912109375
treatment,treatment,525.86,249.05,-276.80999755859375
treatment,treatment,233.23,36.99,-196.24000549316406
treatment,treatment,192.08,108.07,-84.01000213623047
control,marketing,113.93,17.31,-96.62000274658203
control,marketing,131.66,1600.51,1468.8499755859375
treatment,treatment,161.11,86.34,-74.7699966430664
treatment,treatment,1630.88,1789.16,158.27999877929688
control,marketing,525.99,11430.88,10904.8896484375
treatment,treatment,578.91,517.69,-61.220001220703125
treatment,treatment,106.91,0,-106.91000366210938
control,control,105.14,0,-105.13999938964844
control,control,521.02,241.02,-280
treatment,treatment,157.99,164.68,6.690000057220459
control,marketing,91.29,0,-91.29000091552734
treatment,treatment,1148.59,920.9,-227.69000244140625
control,control,297.7,164.94,-132.75999450683594
treatment,treatment,801.82,196.13,-605.69000244140625
control,control,98.21,0,-98.20999908447266
treatment,treatment,0,1024.77,1024.77001953125
control,marketing,107.69,966.31,858.6199951171875
control,marketing,462.01,182.01,-280
control,control,867.25,587.25,-280
treatment,treatment,123.41,0,-123.41000366210938
treatment,treatment,0,0,0
control,control,158.44,168.21,9.770000457763672
treatment,treatment,444.2,211.34,-232.86000061035156
treatment,treatment,107.7,0,-107.69999694824219
control,control,164.63,8.18,-156.4499969482422
control,control,346.22,66.22,-280
control,control,348.99,363.2,14.210000038146973
treatment,treatment,507.41,413.34,-94.06999969482422
control,control,518.01,740.24,222.22999572753906
control,control,2074.46,0,-2074.4599609375
treatment,treatment,512.77,0,-512.77001953125
treatment,treatment,532.69,362.74,-169.9499969482422
treatment,treatment,574.42,569.97,-4.449999809265137
control,marketing,529.1,444.81,-84.29000091552734
control,marketing,112.71,118.83,6.119999885559082
control,control,101.46,105.57,4.110000133514404
control,control,178.1,124.38,-53.720001220703125
control,marketing,109.63,0,-109.62999725341797
control,control,417.92,309.22,-108.69999694824219
control,marketing,1124.57,1170.35,45.779998779296875
control,control,461.1,181.1,-280
control,marketing,169.42,176.32,6.900000095367432
treatment,treatment,1079.45,597.77,-481.67999267578125
treatment,treatment,322.2,42.2,-280
treatment,treatment,227.2,236.46,9.260000228881836
control,control,362.75,315.49,-47.2599983215332
treatment,treatment,147.15,153.15,6
treatment,treatment,1670.41,1571.01,-99.4000015258789
treatment,treatment,2211.76,290.88,-1920.8800048828125
treatment,treatment,552.62,316.32,-236.3000030517578
control,control,502.91,523.39,20.479999542236328
treatment,treatment,109.05,132.59,23.540000915527344
treatment,treatment,125.33,71.98,-53.349998474121094
treatment,treatment,0,0,0
treatment,treatment,1070.9,970.09,-100.80999755859375
control,control,526.4,0,-526.4000244140625
control,control,47.89,0,-47.88999938964844
control,marketing,461.18,181.18,-280
control,control,1091.62,944.68,-146.94000244140625
control,marketing,121.11,126.02,4.909999847412109
control,marketing,192.02,3492.78,3300.760009765625
treatment,treatment,824.91,781.63,-43.279998779296875
treatment,treatment,213.38,312.74,99.36000061035156
control,control,389.56,109.56,-280
treatment,treatment,525.93,420.18,-105.75
treatment,treatment,281.23,888.06,606.83001708984375
treatment,treatment,136.95,142.53,5.579999923706055
treatment,treatment,1116.56,360.96,-755.5999755859375
treatment,treatment,151.94,100,-51.939998626708984
control,marketing,98.34,0,-98.339996337890625
control,control,461.55,181.55,-280
treatment,treatment,205.44,213.81,8.369999885559082
control,control,1628.22,433.18,-1195.0400390625
treatment,treatment,587.57,3386.18,2798.610107421875
treatment,treatment,118.83,163.01,44.18000030517578
treatment,treatment,2066.26,3942.18,1875.9200439453125
treatment,treatment,518.81,0,-518.80999755859375
control,marketing,50,0,-50
control,marketing,133.04,18073.06,17940.01953125
treatment,treatment,526.12,547.55,21.43000030517578
control,control,405.86,125.86,-280
control,control,531.66,361.7,-169.9600067138672
treatment,treatment,14.94,0,-14.9399995803833
treatment,treatment,155.01,261.33,106.31999969482422
control,control,517.34,497,-20.34000015258789
treatment,treatment,0,0,0
treatment,treatment,0,0,0
treatment,treatment,113.68,0,-113.68000030517578
treatment,treatment,1017.95,245.41,-772.53997802734375
treatment,treatment,213.82,1066.92,853.0999755859375
control,control,621.58,0,-621.58001708984375
treatment,treatment,542.68,362.68,-180
treatment,treatment,2074.2,1002.8,-1071.4000244140625
control,control,305.13,317.54,12.40999984741211
control,control,507.04,227.04,-280
treatment,treatment,93.92,100,6.079999923706055
control,control,93.63,0,-93.62999725341797
treatment,treatment,239.19,84.34,-154.85000610351562
treatment,treatment,106.98,0,-106.9800033569336
treatment,treatment,153.1,2643.3,2490.199951171875
treatment,treatment,567.41,1209.75,642.34002685546875
treatment,treatment,116.11,0.85,-115.26000213623047
control,marketing,547.95,339.03,-208.9199981689453
treatment,treatment,1109.25,0,-1109.25
control,marketing,204.58,0,-204.5800018310547
treatment,treatment,543.14,365.36,-177.77999877929688
control,marketing,877.42,4140.48,3263.06005859375
control,marketing,279.06,294.05,14.989999771118164
control,marketing,367.6,87.6,-280
control,marketing,50,0,-50
control,control,306.64,1236.6,929.96002197265625
treatment,treatment,58.18,0,-58.18000030517578
treatment,treatment,1341.02,1558.84,217.82000732421875
treatment,treatment,103.66,0,-103.66000366210938
control,control,526.48,247.92,-278.55999755859375
treatment,treatment,1058.81,838.45,-220.36000061035156
control,marketing,638.7,0,-638.70001220703125
treatment,treatment,620.53,135.83,-484.70001220703125
treatment,treatment,1741.58,524.28,-1217.300048828125
treatment,treatment,585.25,181.68,-403.57000732421875
treatment,treatment,302.85,155.16,-147.69000244140625
treatment,treatment,1133.28,4261.27,3127.989990234375
control,control,0,0,0
treatment,treatment,517.62,125.01,-392.6099853515625
control,control,100.47,100,-0.4699999988079071
treatment,treatment,487.14,475.09,-12.050000190734863
control,control,1076.78,3309.44,2232.659912109375
control,control,322.95,65.53,-257.4200134277344
treatment,treatment,461.18,281.18,-180
treatment,treatment,131.32,196.32,65
control,marketing,103.67,259.51,155.83999633789062
control,control,462.17,3031.19,2569.02001953125
treatment,treatment,249.42,259.57,10.149999618530273
treatment,treatment,205.36,173.17,-32.189998626708984
control,control,1055.44,179.12,-876.32000732421875
treatment,treatment,1160.8,200,-960.79998779296875
treatment,treatment,547.11,629.11,82
control,marketing,443.59,163.59,-280
treatment,treatment,165.48,0,-165.47999572753906
control,control,562.54,285.55,-276.989990234375
control,marketing,2074.46,1116.21,-958.25
control,marketing,136.85,0,-136.85000610351562
control,control,120.45,3131.96,3011.510009765625
treatment,treatment,541.01,563.05,22.040000915527344
treatment,treatment,128.36,133.6,5.239999771118164
control,control,208.51,150.13,-58.380001068115234
control,marketing,131.92,15.5,-116.41999816894531
treatment,treatment,542.51,0,-542.510009765625
control,control,539.54,305.32,-234.22000122070312
control,marketing,512.77,633.65,120.87999725341797
control,control,395.03,285.72,-109.30999755859375
control,control,109.57,122.68,13.109999656677246
control,marketing,139.23,144.89,5.659999847412109
control,control,2168.88,0,-2168.8798828125
control,control,303.39,316.82,13.430000305175781
treatment,treatment,2165.81,2384.05,218.24000549316406
control,marketing,103.51,26.87,-76.63999938964844
treatment,treatment,200.77,734.81,534.03997802734375
control,control,173.24,37.44,-135.8000030517578
control,control,1038.63,6670.66,5632.02978515625
control,marketing,856.39,714.85,-141.5399932861328
control,marketing,105.58,109.88,4.300000190734863
control,control,233.93,225.53,-8.399999618530273
control,control,512.77,4222.66,3709.889892578125
treatment,treatment,567.71,590.85,23.139999389648438
treatment,treatment,23.04,0,-23.040000915527344
control,control,1086.15,806.15,-280
control,control,100.14,105.25,5.110000133514404
treatment,treatment,461.55,281.55,-180
control,control,150.64,2488.11,2337.469970703125
control,control,56.97,0,-56.970001220703125
control,control,371.89,91.89,-280
control,control,519.68,477.97,-41.709999084472656
control,marketing,572.03,539.96,-32.06999969482422
control,marketing,129.38,0,-129.3800048828125
treatment,treatment,308.04,379.73,71.69000244140625
control,control,511.15,1.15,-510
control,marketing,429.29,3513.11,3083.820068359375
control,marketing,117.03,0,-117.02999877929688
control,marketing,109.98,0,-109.9800033569336
treatment,treatment,520.75,479.08,-41.66999816894531
treatment,treatment,1558.77,3637.84,2079.070068359375
control,control,124.53,48.58,-75.94999694824219
treatment,treatment,493.83,213.83,-280
control,marketing,227.05,30.72,-196.3300018310547
control,control,522.28,459.24,-63.040000915527344
treatment,treatment,836.64,1571.79,735.1500244140625
treatment,treatment,512.69,534.02,21.329999923706055
control,marketing,486.6,300.05,-186.5500030517578
control,marketing,422.5,335.06,-87.44000244140625
control,control,156.62,104.94,-51.68000030517578
control,control,119.93,0,-119.93000030517578
control,marketing,101.67,111.69,10.020000457763672
control,control,451.59,117.78,-333.80999755859375
treatment,treatment,512.6,533.48,20.8799991607666
control,control,142.12,102.55,-39.56999969482422
control,marketing,550.21,316.1,-234.11000061035156
control,marketing,110.4,114.88,4.480000019073486
control,control,0,0,0
treatment,treatment,1930,670,-1260
control,marketing,548.7,336.08,-212.6199951171875
control,control,541.54,285.86,-255.67999267578125
control,marketing,534.99,343.6,-191.38999938964844
treatment,treatment,1187.11,2217.85,1030.739990234375
treatment,treatment,205.44,3224.46,3019.02001953125
treatment,treatment,138.75,114.36,-24.389999389648438
control,marketing,228.71,0,-228.7100067138672
control,control,145.24,151.88,6.639999866485596
control,marketing,557.29,2147.39,1590.0999755859375
control,marketing,674.39,398,-276.3900146484375
treatment,treatment,513.08,533.98,20.899999618530273
control,marketing,1542.86,1007.05,-535.80999755859375
treatment,treatment,2009.26,123.34,-1885.9200439453125
treatment,treatment,8.63,0,-8.630000114440918
treatment,treatment,107.69,0,-107.69000244140625
treatment,treatment,532.29,362.33,-169.9600067138672
control,control,211.48,128.26,-83.220001220703125
treatment,treatment,512.73,533.61,20.8799991607666
treatment,treatment,943.46,568.87,-374.5899963378906
control,marketing,2000.86,238.14,-1762.719970703125
control,control,516.9,537.93,21.030000686645508
treatment,treatment,1042.26,1207.07,164.80999755859375
control,control,105.44,308.58,203.13999938964844
control,marketing,107.5,0,-107.5
treatment,treatment,0,0,0
treatment,treatment,571.89,0,-571.8900146484375
treatment,treatment,0,0,0
treatment,treatment,610.55,398.76,-211.7899932861328
control,control,106.91,0,-106.91000366210938
control,marketing,461.61,181.61,-280
treatment,treatment,0,0,0
treatment,treatment,27.05,0,-27.049999237060547
treatment,treatment,0,0,0
control,marketing,0,124.76,124.76000213623047
control,marketing,141.87,25.71,-116.16000366210938
control,control,554.04,384.5,-169.5399932861328
treatment,treatment,135.86,0,-135.86000061035156
control,control,122.42,129.71,7.289999961853027
treatment,treatment,33.1,0,-33.099998474121094
treatment,treatment,51.95,0,-51.95000076293945
treatment,treatment,517.95,1280.48,762.530029296875
treatment,treatment,2081.42,822.9,-1258.52001953125
treatment,treatment,510.96,531.76,20.799999237060547
treatment,treatment,92.72,0,-92.720001220703125
treatment,treatment,213.98,19.17,-194.80999755859375
control,control,421.82,141.82,-280
control,marketing,163.28,149.93,-13.350000381469727
treatment,treatment,202.73,510.98,308.25
treatment,treatment,940.02,0,-940.02001953125
control,control,2046.91,786.91,-1260
control,marketing,240.9,1270.19,1029.2900390625
control,marketing,169.34,0,-169.33999633789062
treatment,treatment,442.14,103.32,-338.82000732421875
treatment,treatment,28.25,0,-28.25
control,marketing,107.54,1954.43,1846.8900146484375
control,marketing,10.34,0,-10.34000015258789
control,control,101.44,105.55,4.110000133514404
treatment,treatment,781.97,501.97,-280
treatment,treatment,103.84,108.07,4.230000019073486
control,marketing,117.08,0,-117.08000183105469
treatment,treatment,123.37,128.41,5.039999961853027
treatment,treatment,786.79,453.13,-333.6600036621094
control,marketing,593.66,717.84,124.18000030517578
control,marketing,97.63,0,-97.62999725341797
treatment,treatment,845.13,2484.68,1639.550048828125
control,control,987.25,707.25,-280
treatment,treatment,30.2,0,-30.200000762939453
treatment,treatment,221.08,230.09,9.010000228881836
control,control,286.11,6.11,-280
control,marketing,50,0,-50
control,control,167.95,174.8,6.849999904632568
control,control,126.7,114.89,-11.8100004196167
treatment,treatment,987.11,807.11,-180
control,marketing,107.86,283.22,175.36000061035156
treatment,treatment,987.82,707.82,-280
control,marketing,531.25,382.69,-148.55999755859375
treatment,treatment,1321.18,2825.87,1504.68994140625
treatment,treatment,2104.14,1921.12,-183.02000427246094
control,marketing,1517.31,1726.5,209.19000244140625
control,marketing,526.4,0,-526.4000244140625
control,control,1108.05,251.01,-857.03997802734375
treatment,treatment,563.66,173.94,-389.7200012207031
control,control,1523.98,443.98,-1080
control,control,134.26,17.9,-116.36000061035156
treatment,treatment,115.22,59.26,-55.959999084472656
treatment,treatment,575.07,427.46,-147.61000061035156
treatment,treatment,110.23,0,-110.2300033569336
control,marketing,508.98,529.72,20.739999771118164
control,marketing,100.85,147.65,46.79999923706055
treatment,treatment,1657.35,1484.05,-173.3000030517578
control,control,2077.48,147.64,-1929.8399658203125
treatment,treatment,309.44,260.35,-49.09000015258789
control,marketing,1716.97,597.45,-1119.52001953125
treatment,treatment,2170.78984375,1591.97,-538.78997802734375
control,marketing,170.17,0,-170.1699981689453
control,control,130.71,0,-130.7100067138672
control,marketing,128.18,0,-128.17999267578125
treatment,treatment,543.39,0,-543.3900146484375
treatment,treatment,528.35,656.16,127.80999755859375
treatment,treatment,1206.1,134.1,-1072
control,control,409.16,129.16,-280
treatment,treatment,539.03,166.89,-372.1400146484375
control,marketing,1043.22,114.85,-928.3699951171875
control,control,534.26,0,-534.260009765625
control,marketing,2148.89,8315,6166.10986328125
treatment,treatment,1117.05,112.61,-1004.4400024414062
treatment,treatment,706.7,426.7,-280
treatment,treatment,1881.31,968.12,-913.19000244140625
control,marketing,0,0,0
treatment,treatment,151.7,257.87,106.16999816894531
treatment,treatment,461.55,181.55,-280
control,control,512.77,533.65,20.8799991607666
control,control,171,0,-171
treatment,treatment,524.58,440.16,-84.41999816894531
treatment,treatment,534.52,113.99,-420.5299987792969
control,marketing,148.28,0,-148.27999877929688
control,control,171.51,37.81,-133.6999969482422
treatment,treatment,537.68,146.89,-390.7900085449219
control,marketing,1631.34,879.4,-751.94000244140625
treatment,treatment,532.06,462.1,-69.95999908447266
treatment,treatment,641.73,1358.57,716.84002685546875
treatment,treatment,1443.81,1163.81,-280
treatment,treatment,513.89,534.8,20.90999984741211
treatment,treatment,528.21,401.05,-127.16000366210938
control,control,111.65,0,-111.6500015258789
control,control,333.27,141.33,-191.94000244140625
treatment,treatment,722.16,442.16,-280
control,marketing,100.87,183.92,83.05000305175781
treatment,treatment,101.94,0,-101.94000244140625
treatment,treatment,1881.77,754.45,-1127.3199462890625
treatment,treatment,123.53,170.49,47.959999084472656
treatment,treatment,537.27,324.51,-212.75999450683594
treatment,treatment,135.9,80.68,-55.220001220703125
treatment,treatment,551.42,431.6,-119.81999969482422
treatment,treatment,629.51,176.11,-453.3999938964844
control,control,1068.82,293.03,-775.78997802734375
treatment,treatment,528.36,501.21,-27.149999618530273
control,control,190.3,137.01,-53.290000915527344
treatment,treatment,653.6,680.54,26.940000534057617
treatment,treatment,742.13,462.13,-280
treatment,treatment,563.29,100,-463.2900085449219
treatment,treatment,112.9,118.66,5.760000228881836
treatment,treatment,1044.25,262.63,-781.6199951171875
control,control,129.69,137.69,8
treatment,treatment,266.8,277.67,10.869999885559082
treatment,treatment,511.23,9059.76,8548.5302734375
control,marketing,157.79,123.78,-34.0099983215332
control,marketing,173.2,180.24,7.039999961853027
treatment,treatment,59.84,131.23,71.38999938964844
treatment,treatment,112.7,100,-12.699999809265137
treatment,treatment,101.6,105.72,4.119999885559082
treatment,treatment,350.66,372.23,21.56999969482422
control,control,118.3,85.08,-33.220001220703125
treatment,treatment,136.16,0,-136.16000366210938
control,control,444.97,164.97,-280
treatment,treatment,200.9,229.33,28.43000030517578
control,marketing,1352.34,2069.47,717.1300048828125
control,control,532.12,1647.89,1115.77001953125
control,marketing,914.54,634.54,-280
control,marketing,169.08,0,-169.0800018310547
control,marketing,132.24,137.62,5.380000114440918
control,marketing,143.61,152.45,8.84000015258789
treatment,treatment,388.68,313.26,-75.41999816894531
control,marketing,114.79,0,-114.79000091552734
control,control,124.48,0,-124.4800033569336
control,control,128.12,0,-128.1199951171875
control,control,1031.28,0,-1031.280029296875
treatment,treatment,144.84,13227.27,13082.4296875
control,control,2065.28,0,-2065.280029296875
treatment,treatment,236.96,220.09,-16.8700008392334
treatment,treatment,144.2,481.86,337.6600036621094
treatment,treatment,526.88,421.14,-105.73999786376953
treatment,treatment,176.19,283.64,107.44999694824219
treatment,treatment,1224.37,944.37,-280
treatment,treatment,115.3,465.73,350.42999267578125
treatment,treatment,541.87,1015.08,473.2099914550781
control,marketing,116.08,0,-116.08000183105469
treatment,treatment,0,0,0
control,marketing,509.3,530.04,20.739999771118164
control,control,106.93,0,-106.93000030517578
treatment,treatment,215.72,0,-215.72000122070312
treatment,treatment,272.7,0,-272.70001220703125
control,control,129.57,0,-129.57000732421875
treatment,treatment,605.64,115.8,-489.8399963378906
control,marketing,407.43,0,-407.42999267578125
control,marketing,780.01,823.09,43.08000183105469
treatment,treatment,532.66,144.02,-388.6400146484375
control,marketing,148.64,0,-148.63999938964844
control,marketing,128.32,0,-128.32000732421875
treatment,treatment,532.69,362.74,-169.9499969482422
treatment,treatment,29.03,0,-29.030000686645508
treatment,treatment,289.92,301.7,11.779999732971191
treatment,treatment,517.88,0,-517.8800048828125
control,marketing,323.51,67.39,-256.1199951171875
treatment,treatment,116.52,154.82,38.29999923706055
control,control,215.51,6094.19,5878.68017578125
control,marketing,532.74,383.07,-149.6699981689453
treatment,treatment,1120.16,65.24,-1054.9200439453125
control,control,510.3,125.62,-384.67999267578125
treatment,treatment,542.02,0,-542.02001953125
treatment,treatment,313.61,0,-313.6099853515625
treatment,treatment,522.54,138.91,-383.6300048828125
control,control,536.2,473.62,-62.58000183105469
treatment,treatment,120.75,0,-120.75
treatment,treatment,101.44,105.55,4.110000133514404
treatment,treatment,50,0,-50
control,marketing,2115.68,2156.07,40.38999938964844
control,control,2020.61,560,-1460.6099853515625
control,marketing,987.7,0,-987.70001220703125
treatment,treatment,507.41,100,-407.4100036621094
treatment,treatment,120.13,46.01,-74.12000274658203
control,control,461.55,0,-461.54998779296875
treatment,treatment,2072.55,922.59,-1149.9599609375
control,control,1257.53,1308.72,51.189998626708984
treatment,treatment,292.48,35338.86,35046.37890625
treatment,treatment,112.54,36.21,-76.33000183105469
control,marketing,2001.39,741.39,-1260
control,control,510.2,530.98,20.780000686645508
treatment,treatment,517.33,237.33,-280
control,control,114.82,227.21,112.38999938964844
control,control,532.65,148.36,-384.2900085449219
treatment,treatment,209.26,217.78,8.520000457763672
control,control,1723.48,829.94,-893.53997802734375
treatment,treatment,349.76,69.76,-280
treatment,treatment,105.37,8.51,-96.86000061035156
treatment,treatment,481.55,301.55,-180
control,marketing,133.81,0,-133.80999755859375
control,control,524.45,3401.91,2877.4599609375
control,marketing,212.44,139.35,-73.089996337890625
control,control,240.07,249.85,9.779999732971191
treatment,treatment,318.35,168.68,-149.6699981689453
treatment,treatment,722.19,0,-722.19000244140625
control,control,109.38,117.53,8.149999618530273
control,control,100.27,0,-100.2699966430664
treatment,treatment,0,0,0
treatment,treatment,1003.06,723.06,-280
control,marketing,1633.11,428.92,-1204.18994140625
control,control,156.6,100,-56.599998474121094
control,control,522.95,459.95,-63
control,control,1000,440.17,-559.83001708984375
control,control,327.14,1248.41,921.27001953125
treatment,treatment,211.97,4420.09,4208.1201171875
control,marketing,122.24,0,-122.23999786376953
control,marketing,987.82,707.82,-280
treatment,treatment,524.82,0,-524.82000732421875
treatment,treatment,1017.88,1179.44,161.55999755859375
treatment,treatment,124.13,27.82,-96.30999755859375
control,marketing,515.94,541.8,25.860000610351562
treatment,treatment,529.97,147.23,-382.739990234375
control,control,1134.49,1114.41,-20.079999923706055
treatment,treatment,136.53,142.09,5.559999942779541
control,control,2001.95,762.72,-1239.22998046875
control,marketing,835.37,819.77,-15.600000381469727
treatment,treatment,2055.4,863.01,-1192.3900146484375
control,control,130.11,0,-130.11000061035156
control,marketing,104.47,0,-104.47000122070312
treatment,treatment,157.19,0,-157.19000244140625
control,marketing,37.55,0,-37.54999923706055
treatment,treatment,1556.61,1276.61,-280
control,control,511.37,351.37,-160
treatment,treatment,121.19,0,-121.19000244140625
treatment,treatment,137.53,23.15,-114.37999725341797
control,marketing,503.97,223.97,-280
control,marketing,117.88,0,-117.87999725341797
treatment,treatment,106.47,0,-106.47000122070312
control,marketing,215.2,223.96,8.760000228881836
control,control,128.47,138.58,10.109999656677246
treatment,treatment,752.69,886.49,133.8000030517578
treatment,treatment,105.46,8.6,-96.86000061035156
treatment,treatment,1514.47,3250.72,1736.25
treatment,treatment,4.285499877929688,0,0
control,marketing,1320.59,104.65,-1215.93994140625
control,control,504.9,0,-504.8999938964844
treatment,treatment,134.67,0,-134.6699981689453
control,control,103.26,407.46,304.20001220703125
treatment,treatment,133.44,18.9,-114.54000091552734
control,control,517.13,1239.22,722.09002685546875
control,control,517.42,0,-517.41998291015625
control,marketing,516.57,537.59,21.020000457763672
treatment,treatment,0,0,0
treatment,treatment,102.8,66.69,-36.11000061035156
control,control,1914.43,116.32,-1798.1099853515625
treatment,treatment,0,3002.79,3002.7900390625
control,marketing,200,361.15,161.14999389648438
control,marketing,2074.54,160.78,-1913.760009765625
treatment,treatment,107.88,0,-107.87999725341797
treatment,treatment,443.35,461.4,18.049999237060547
control,marketing,2001.03,872.66,-1128.3699951171875
control,control,154.8,0,-154.8000030517578
control,marketing,1962.99,101.21,-1861.780029296875
treatment,treatment,329.81,343.23,13.420000076293945
control,marketing,442.87,162.87,-280
treatment,treatment,600.42,202.53,-397.8900146484375
treatment,treatment,107.23,71.3,-35.93000030517578
control,control,479.62,199.62,-280
control,marketing,721.84,643.25,-78.589996337890625
treatment,treatment,1061.19,701.1,-360.0899963378906
control,marketing,158.67,0,-158.6699981689453
treatment,treatment,507.04,310.73,-196.30999755859375
treatment,treatment,56.6289990234375,0,-50
treatment,treatment,313.03,201.51,-111.5199966430664
treatment,treatment,9.59,1715.96,1706.3699951171875
treatment,treatment,1208.21,2946.87,1738.6600341796875
control,marketing,0,500,500
treatment,treatment,256.06,18.8,-237.25999450683594
treatment,treatment,127.2,100,-27.200000762939453
control,marketing,312.56,263.57,-48.9900016784668
treatment,treatment,112.39,0,-112.38999938964844
control,control,124.96,28.66,-96.30000305175781
control,marketing,105.98,0,-105.9800033569336
control,marketing,711.41,0,-711.40997314453125
treatment,treatment,305.11,317.52,12.40999984741211
treatment,treatment,482.24,574.74,92.5
control,marketing,0,0,0
control,control,104.51,0,-104.51000213623047
treatment,treatment,108.01,11.22,-96.79000091552734
treatment,treatment,132.52,56.82,-75.69999694824219
control,marketing,938.7,1190.19,251.49000549316406
treatment,treatment,546.84,415.65,-131.19000244140625
control,control,112.8,0,-112.80000305175781
control,marketing,307.12,299.63,-7.489999771118164
control,marketing,114.78,120.32,5.539999961853027
treatment,treatment,114.7,119.37,4.670000076293945
treatment,treatment,105.94,2325.58,2219.639892578125
control,marketing,115.21,0,-115.20999908447266
control,control,0,0,0
treatment,treatment,107.75,231.24,123.48999786376953
control,marketing,421.27,141.27,-280
treatment,treatment,103.37,216.62,113.25
control,control,238.84,0,-238.83999633789062
treatment,treatment,206.18,0,-206.17999267578125
control,control,113.47,329.67,216.1999969482422
control,marketing,507.65,528.32,20.670000076293945
control,control,0,0,0
treatment,treatment,0,0,0
treatment,treatment,126.42,137.66,11.239999771118164
control,control,532.62,362.67,-169.9499969482422
treatment,treatment,161.88,0,-161.8800048828125
control,marketing,2066.4,807.84,-1258.56005859375
control,marketing,1005.99,236.27,-769.719970703125
treatment,treatment,155.18,164.73,9.550000190734863
treatment,treatment,2071.72,1021.76,-1049.9599609375
control,marketing,533.64,363.7,-169.94000244140625
control,control,229.75,344.99,115.23999786376953
control,marketing,891.64,611.64,-280
control,control,1401.54,0,-1401.5400390625
control,control,1233.26,1078.15,-155.11000061035156
control,control,1172.68,0,-1172.6800537109375
control,marketing,106.45,107.44,0.9900000095367432
control,control,524.82,0,-524.82000732421875
control,marketing,140.38,640.39,500.010009765625
control,control,879.58,117.56,-762.02001953125
control,marketing,524.82,246.25,-278.57000732421875
treatment,treatment,125.45,130.68,5.230000019073486
treatment,treatment,72.53,0,-72.529998779296875
treatment,treatment,200,2582.16,2382.159912109375
treatment,treatment,559.12,403.58,-155.5399932861328
treatment,treatment,461.95,181.95,-280
control,marketing,1054.09,962.66,-91.43000030517578
control,control,540.16,305.96,-234.1999969482422
control,control,113.62,13749.4,13635.7802734375
control,control,98.22,0,-98.220001220703125
treatment,treatment,653.08,0,-653.08001708984375
control,control,1654.8,0,-1654.800048828125
control,control,531.99,455.8,-76.19000244140625
treatment,treatment,88.11,287.4,199.2899932861328
control,marketing,729.06,754.06,25
control,marketing,1078.42,929.03,-149.38999938964844
control,control,2.6,0,-2.5999999046325684
treatment,treatment,607.98,327.98,-280
treatment,treatment,1101.27,854.45,-246.82000732421875
treatment,treatment,443.5,1461.55,1018.0499877929688
control,marketing,519.21,103.95,-415.260009765625
treatment,treatment,915.83,635.83,-280
treatment,treatment,212.4,338.42,126.0199966430664
treatment,treatment,1542.65,591.67,-950.97998046875
control,marketing,104.62,7.73,-96.88999938964844
treatment,treatment,443.59,100,-343.5899963378906
control,marketing,105.81,0,-105.80999755859375
control,marketing,1401.18,1411.85,10.670000076293945
control,marketing,450.97,0,-450.9700012207031
control,control,235.95,245.56,9.609999656677246
treatment,treatment,1110.87,859.73,-251.13999938964844
control,control,117.43,0,-117.43000030517578
control,marketing,64.02,0,-64.0199966430664
treatment,treatment,711.68,740.68,29
treatment,treatment,517.82,580.29,62.470001220703125
control,control,106,270.68,164.67999267578125
treatment,treatment,546.25,398.03,-148.22000122070312
treatment,treatment,0,100,100
control,control,1253.25,127.87,-1125.3800048828125
treatment,treatment,551.04,8869.92,8318.8798828125
treatment,treatment,460.95,732.53,271.5799865722656
treatment,treatment,1.72,0,-1.7200000286102295
treatment,treatment,112.78,77.07,-35.709999084472656
treatment,treatment,107.91,0,-107.91000366210938
control,control,239.49,0,-239.49000549316406
control,control,439.02,159.02,-280
treatment,treatment,1028.61,113.37,-915.239990234375
control,marketing,554.6,252.09,-302.510009765625
treatment,treatment,2082.37,846.69,-1235.6800537109375
control,marketing,1544.99,1044.05,-500.94000244140625
treatment,treatment,512.6,935.5,422.8999938964844
control,marketing,265.37,230.74,-34.630001068115234
control,control,539.67,305.45,-234.22000122070312
control,control,2079.03,864.81,-1214.219970703125
treatment,treatment,522.95,0,-522.95001220703125
treatment,treatment,121.48,0,-121.4800033569336
treatment,treatment,140.34,100,-40.34000015258789
control,control,433.34,1053.72,620.3800048828125
treatment,treatment,2078.9,864.68,-1214.219970703125
treatment,treatment,532.6,362.64,-169.9600067138672
treatment,treatment,1864.37,822.46,-1041.9100341796875
treatment,treatment,2072.36,383.03,-1689.3299560546875
control,control,865.26,858.14,-7.119999885559082
control,marketing,1650.46,1598.8,-51.65999984741211
control,control,537.75,324.99,-212.75999450683594
treatment,treatment,104.06,117.07,13.010000228881836
control,marketing,1619.37,1518.73,-100.63999938964844
treatment,treatment,360.55,297.34,-63.209999084472656
control,control,2046.97,0,-2046.969970703125
control,control,156.73,163.13,6.400000095367432
control,control,565.68,0,-565.67999267578125
treatment,treatment,108.06,112.48,4.420000076293945
treatment,treatment,518.1,639.19,121.08999633789062
control,marketing,1507.7,1106.77,-400.92999267578125
control,control,375.39,160.44,-214.9499969482422
control,marketing,371.82,91.82,-280
treatment,treatment,349.16,402.11,52.95000076293945
control,control,1480.22,1200.22,-280
treatment,treatment,1078.51,567.91,-510.6000061035156
control,marketing,104.12,47.79,-56.33000183105469
control,marketing,513.74,534.65,20.90999984741211
control,control,2082.92,825.82,-1257.0999755859375
treatment,treatment,691.93,3179.7,2487.77001953125
control,control,442.66,0,-442.6600036621094
control,control,1350.74,1070.74,-280
control,marketing,301.27,21.27,-280
treatment,treatment,113.89,120.9,7.010000228881836
control,marketing,1091.64,1016.22,-75.41999816894531
control,marketing,660.37,1395,734.6300048828125
treatment,treatment,27.36,100,72.63999938964844
treatment,treatment,149.02,173.35,24.329999923706055
control,control,102.09,106.26,4.170000076293945
treatment,treatment,1029.91,1239.46,209.5500030517578
treatment,treatment,453.95,476.55,22.600000381469727
control,marketing,531.72,361.76,-169.9600067138672
control,marketing,1070.98,2441.01,1370.030029296875
control,control,156.4,20.2,-136.1999969482422
control,marketing,121.27,0,-121.2699966430664
control,control,529.53,251.7,-277.8299865722656
treatment,treatment,163.91,209.69,45.779998779296875
treatment,treatment,1626.14,610.35,-1015.7899780273438
treatment,treatment,700.7,1868.06,1167.3599853515625
control,marketing,50,0,-50
control,marketing,1651.16,363.59,-1287.5699462890625
treatment,treatment,102.64,66.53,-36.11000061035156
control,marketing,588.7,624.95,36.25
control,control,1078.87,929.48,-149.38999938964844
control,control,111.7,15.02,-96.68000030517578
control,control,176.22,0,-176.22000122070312
control,marketing,517.88,717.56,199.67999267578125
control,control,720.47,440.47,-280
treatment,treatment,294.79,16.37,-278.4200134277344
treatment,treatment,103.12,215.4,112.27999877929688
control,control,137.94,0,-137.94000244140625
control,marketing,204.41,212.72,8.3100004196167
treatment,treatment,105.75,108.9,3.1500000953674316
treatment,treatment,479.42,475.58,-3.8399999141693115
control,marketing,212.04,97.8,-114.23999786376953
treatment,treatment,443.5,163.5,-280
treatment,treatment,69.67,0,-69.66999816894531
treatment,treatment,228.87,235.66,6.789999961853027
treatment,treatment,593.54,1058.58,465.0400085449219
control,control,351.98,71.98,-280
control,control,115.11,0,-115.11000061035156
treatment,treatment,125.77,9.16,-116.61000061035156
control,marketing,622.13,0,-622.1300048828125
control,control,414.04,52.13,-361.9100036621094
treatment,treatment,117.61,424.77,307.1600036621094
treatment,treatment,269.84,97.5,-172.33999633789062
control,marketing,133.28,4123.02,3989.739990234375
control,control,856.22,109.39,-746.83001708984375
treatment,treatment,434.2,254.2,-180
treatment,treatment,541,0,-541
control,marketing,517.95,497.63,-20.31999969482422
control,marketing,104.47,101.92,-2.549999952316284
treatment,treatment,106.78,127.25,20.469999313354492
treatment,treatment,138.03,378.5,240.47000122070312
control,control,530.08,113.6,-416.4800109863281
treatment,treatment,1423.22,1257.67,-165.5500030517578
treatment,treatment,108.13,160.91,52.779998779296875
treatment,treatment,731.25,583.11,-148.13999938964844
control,marketing,327.38,49.13,-278.25
treatment,treatment,107.42,191.78,84.36000061035156
control,marketing,1091.34,107.94,-983.4000244140625
control,marketing,444.36,164.36,-280
treatment,treatment,520.75,3599.76,3079.010009765625
control,marketing,403.32,215.06,-188.25999450683594
treatment,treatment,305.11,317.52,12.40999984741211
control,marketing,41.52,0,-41.52000045776367
control,marketing,1148.47,299.03,-849.44000244140625
control,marketing,121.09,126,4.909999847412109
control,marketing,740.13,21050.47,20310.33984375
treatment,treatment,155.29,39.5,-115.79000091552734
control,control,976.27,0,-976.27001953125
control,marketing,71.83,260.47,188.63999938964844
control,control,531.25,382.69,-148.55999755859375
control,control,100.93,105.02,4.090000152587891
treatment,treatment,311.96,31.96,-280
control,marketing,520.36,478.67,-41.689998626708984
control,control,122.41,134.98,12.569999694824219
treatment,treatment,106.94,150.7,43.7599983215332
control,marketing,507.04,0,-507.0400085449219
control,marketing,1256.82,976.82,-280
treatment,treatment,536.7,423.91,-112.79000091552734
treatment,treatment,104.22,110.63,6.409999847412109
treatment,treatment,465.54,379.36,-86.18000030517578
treatment,treatment,30.95,0,-30.950000762939453
control,control,180,191.09,11.09000015258789
control,marketing,148.71,0,-148.7100067138672
control,control,892.74,563.99,-328.75
control,control,1722.94,650.15,-1072.7900390625
treatment,treatment,119.06,126.39,7.329999923706055
treatment,treatment,250.86,0,-250.86000061035156
control,control,153.61,205.62,52.0099983215332
treatment,treatment,173.38,0,-173.3800048828125
control,marketing,1685.96,1104.24,-581.719970703125
control,marketing,229.5,183.73,-45.77000045776367
treatment,treatment,516.01,2360.88,1844.8699951171875
control,marketing,167.93,134.33,-33.599998474121094
control,control,1789.9,1509.9,-280
control,control,40.68,0,-40.68000030517578
treatment,treatment,403.51,223.51,-180
control,marketing,525.5,246.93,-278.57000732421875
treatment,treatment,112.44,0,-112.44000244140625
control,control,756.66,208.72,-547.94000244140625
control,control,2064.58,5335.42,3270.840087890625
treatment,treatment,0,0,0
treatment,treatment,310.55,240.63,-69.91999816894531
control,marketing,506.84,518.78,11.9399995803833
control,marketing,517.55,497.22,-20.329999923706055
treatment,treatment,1253.46,894.39,-359.07000732421875
treatment,treatment,541.67,285.99,-255.67999267578125
treatment,treatment,156.66,200,43.34000015258789
control,control,133.73,0,-133.72999572753906
treatment,treatment,517.95,497.63,-20.31999969482422
treatment,treatment,8.55,0,-8.550000190734863
control,marketing,194.22,0,-194.22000122070312
control,control,316.16,402.01,85.8499984741211
control,control,677.56,653.57,-23.989999771118164
treatment,treatment,358.07,1023.54,665.469970703125
control,marketing,1096.38,825.18,-271.20001220703125
treatment,treatment,488.4,208.4,-280
control,marketing,1078.38,802.72,-275.6600036621094
control,control,516.93,505.4,-11.529999732971191
control,marketing,52.61,0,-52.61000061035156
control,marketing,1917.29,1995,77.70999908447266
treatment,treatment,520.28,0,-520.280029296875
treatment,treatment,305.11,317.52,12.40999984741211
treatment,treatment,1111.04,0,-1111.0400390625
treatment,treatment,1429.85,1602.09,172.24000549316406
treatment,treatment,134.86,732.4,597.53997802734375
treatment,treatment,480.69,200.69,-280
control,marketing,259.01,132.85,-126.16000366210938
control,marketing,105.25,89.55,-15.699999809265137
control,marketing,120.48,512.35,391.8699951171875
control,marketing,3.57,0,-3.569999933242798
control,marketing,1035.72,1035.09,-0.6299999952316284
treatment,treatment,568.13,591.29,23.15999984741211
treatment,treatment,982.61,2425.86,1443.25
treatment,treatment,1115.4,1776.69,661.28997802734375
treatment,treatment,1168.5,888.5,-280
control,marketing,500.57,117.33,-383.239990234375
treatment,treatment,528.29,401.13,-127.16000366210938
control,marketing,104.46,108.71,4.25
control,control,1609.97,641.78,-968.19000244140625
control,marketing,90.52,0,-90.5199966430664
treatment,treatment,117.03,0,-117.02999877929688
treatment,treatment,100.3,133.96,33.65999984741211
control,control,47.84,0,-47.84000015258789
control,control,106.47,113.03,6.559999942779541
treatment,treatment,123.13,188.09,64.95999908447266
control,control,517.82,109.85,-407.9700012207031
treatment,treatment,226.21,239.04,12.829999923706055
treatment,treatment,209.35,217.86,8.510000228881836
control,control,106.27,0,-106.2699966430664
control,marketing,2075.51,904.12,-1171.3900146484375
treatment,treatment,414.78,208.14,-206.63999938964844
treatment,treatment,103.86,104.15,0.28999999165534973
treatment,treatment,343.63,897,553.3699951171875
control,marketing,2179.79,1974.87,-204.9199981689453
control,control,1317.48,0,-1317.47998046875
treatment,treatment,1090.7,943.76,-146.94000244140625
control,control,577.63,494.78,-82.8499984741211
control,control,209.16,0,-209.16000366210938
treatment,treatment,152.13,160.38,8.25
treatment,treatment,1033.62,1055.72,22.100000381469727
treatment,treatment,239.03,248.77,9.739999771118164
treatment,treatment,108.15,0,-108.1500015258789
control,control,907.98,627.98,-280
control,control,627.13,564.7,-62.43000030517578
treatment,treatment,2051.95,510,-1541.949951171875
treatment,treatment,1076.16,1154.34,78.18000030517578
control,marketing,186.76,0,-186.75999450683594
control,marketing,50,0,-50
control,control,150.97,0,-150.97000122070312
treatment,treatment,535.71,344.33,-191.3800048828125
treatment,treatment,1284.4,20683.95,19399.55078125
control,marketing,0,0,0
control,control,511.15,531.96,20.809999465942383
treatment,treatment,174.07,17.81,-156.25999450683594
control,control,2093.83,1073.33,-1020.5
control,marketing,509.3,244.58,-264.7200012207031
control,marketing,340.03,281.01,-59.02000045776367
control,marketing,0,0,0
treatment,treatment,0,0,0
control,control,891.48,266.99,-624.489990234375
treatment,treatment,2215.4,156.02,-2059.3798828125
treatment,treatment,102.22,0,-102.22000122070312
treatment,treatment,1065,988.47,-76.529998779296875
control,control,1085.78,808.69,-277.0899963378906
treatment,treatment,0,0,0
control,control,922.29,583.29,-339
treatment,treatment,906.98,626.98,-280
control,control,287.15,94.1,-193.0500030517578
treatment,treatment,529.67,381.07,-148.60000610351562
control,control,577.1,240.12,-336.9800109863281
treatment,treatment,102.02,4196.95,4094.929931640625
control,control,109.45,213.9,104.44999694824219
treatment,treatment,461.55,1452.52,990.969970703125
control,marketing,1079.89,1026.04,-53.849998474121094
control,marketing,205.95,1884.87,1678.9200439453125
treatment,treatment,215.18,2308.11,2092.929931640625
treatment,treatment,100.74,105.63,4.889999866485596
control,control,152.47,158.7,6.230000019073486
treatment,treatment,221.83,25.41,-196.4199981689453
control,marketing,104.16,0,-104.16000366210938
treatment,treatment,540.38,562.39,22.010000228881836
treatment,treatment,535.98,135.97,-400.010009765625
treatment,treatment,539.11,474.42,-64.69000244140625
treatment,treatment,634.78,150.99,-483.7900085449219
treatment,treatment,532.69,0,-532.69000244140625
control,control,1000.68,0,-1000.6799926757812
treatment,treatment,104.45,68.42,-36.029998779296875
control,marketing,50,0,-50
control,marketing,1003.03,723.03,-280
treatment,treatment,86.58,0,-86.58000183105469
treatment,treatment,3.82,0,-3.819999933242798
control,control,541.38,285.7,-255.67999267578125
control,control,1700,525.93,-1174.0699462890625
treatment,treatment,513.89,635.62,121.7300033569336
control,control,501.82,1598.44,1096.6199951171875
control,marketing,130.41,0,-130.41000366210938
control,marketing,822.37,542.37,-280
control,control,502.27,0,-502.2699890136719
control,control,152.02,158.21,6.190000057220459
treatment,treatment,137.3,0,-137.3000030517578
control,control,249.42,1072.05,822.6300048828125
treatment,treatment,148.58,154.63,6.050000190734863
control,marketing,513.13,2440.18,1927.050048828125
control,marketing,104.21,108.62,4.409999847412109
treatment,treatment,119.14,0,-119.13999938964844
treatment,treatment,1003.93,723.93,-280
control,control,512.77,533.65,20.8799991607666
treatment,treatment,155.62,0,-155.6199951171875
control,control,105.8,0,-105.80000305175781
control,control,576.76,4168.39,3591.6298828125
treatment,treatment,594.07,1406.66,812.59002685546875
control,marketing,117.2,121.97,4.769999980926514
control,control,1032.22,1188.75,156.52999877929688
control,control,129.03,135.76,6.730000019073486
treatment,treatment,389.56,109.56,-280
control,control,131.98,0,-131.97999572753906
control,control,870.5,592.84,-277.6600036621094
control,control,678.81,601.67,-77.13999938964844
control,control,167.17,126.54,-40.630001068115234
control,marketing,661.13,0,-661.1300048828125
treatment,treatment,1106.09,121.71,-984.3800048828125
control,marketing,512.77,533.65,20.8799991607666
control,marketing,125.02,100.42,-24.600000381469727
control,marketing,302.02,286.99,-15.029999732971191
treatment,treatment,2091.55,1136.84,-954.71002197265625
control,marketing,457.25,256.82,-200.42999267578125
treatment,treatment,522.28,459.24,-63.040000915527344
control,marketing,56.99,0,-56.9900016784668
control,marketing,1088.56,145.17,-943.3900146484375
treatment,treatment,134.61,79.35,-55.2599983215332
control,control,1150.97,143.8,-1007.1699829101562
control,control,161.73,168.64,6.909999847412109
treatment,treatment,104.11,100,-4.110000133514404
treatment,treatment,511.9,0,-511.8999938964844
treatment,treatment,182.49,49.16,-133.3300018310547
control,marketing,544.82,353.6,-191.22000122070312
control,marketing,119.23,0,-119.2300033569336
treatment,treatment,131.13,137.08,5.949999809265137
control,control,534.26,342.87,-191.38999938964844
control,marketing,1150.59,870.59,-280
treatment,treatment,543.72,870.77,327.04998779296875
control,control,514.54,2181.73,1667.18994140625
treatment,treatment,50,0,-50
treatment,treatment,1590.59,700.76,-889.83001708984375
treatment,treatment,111.62,0,-111.62000274658203
control,marketing,497.74,353.88,-143.86000061035156
control,marketing,207.36,0,-207.36000061035156
treatment,treatment,123.55,100,-23.549999237060547
control,marketing,106.13,10415.06,10308.9296875
treatment,treatment,921.79,641.79,-280
treatment,treatment,535.16,107.39,-427.7699890136719
control,control,309.48,260.39,-49.09000015258789
control,marketing,142.12,0,-142.1199951171875
treatment,treatment,206.47,117.23,-89.23999786376953
control,marketing,104.91,0,-104.91000366210938
treatment,treatment,513.04,533.94,20.899999618530273
control,control,132.4,140.54,8.140000343322754
control,control,535.98,415.59,-120.38999938964844
treatment,treatment,1524.56,177.3,-1347.260009765625
treatment,treatment,1489.51,1663.09,173.5800018310547
control,control,536.07,323.28,-212.7899932861328
treatment,treatment,210.16,193.56,-16.600000381469727
treatment,treatment,534.26,342.87,-191.38999938964844
control,marketing,1352.81,405.62,-947.19000244140625
treatment,treatment,2046.77,886.77,-1160
control,control,121.52,0,-121.5199966430664
treatment,treatment,35.58,100,64.41999816894531
control,control,243.61,0,-243.61000061035156
control,marketing,520.89,240.89,-280
treatment,treatment,143.45,1226.59,1083.1400146484375
treatment,treatment,181.2,198.22,17.020000457763672
treatment,treatment,105.75,110.06,4.309999942779541
control,marketing,102.16,523.99,421.8299865722656
treatment,treatment,518.08,0,-518.08001708984375
control,marketing,311.72,220.97,-90.75
treatment,treatment,518.57,654.35,135.77999877929688
control,control,987.22,159.13,-828.09002685546875
treatment,treatment,1992.83,2427.86,435.0299987792969
treatment,treatment,518.08,549.92,31.84000015258789
control,marketing,513.89,534.8,20.90999984741211
treatment,treatment,1099.92,2098.72,998.79998779296875
treatment,treatment,652.03,195.57,-456.4599914550781
treatment,treatment,545.04,220.52,-324.5199890136719
treatment,treatment,2103.91,334.95,-1768.9599609375
treatment,treatment,150.7,14.37,-136.3300018310547
control,marketing,413.89,133.89,-280
control,control,519.94,478.23,-41.709999084472656
control,control,679.44,424.86,-254.5800018310547
treatment,treatment,506.97,226.97,-280
control,marketing,773.47,804.97,31.5
treatment,treatment,0,218.33,218.3300018310547
treatment,treatment,0,0,0
control,marketing,72.92,0,-72.91999816894531
control,marketing,535.64,344.26,-191.3800048828125
treatment,treatment,50,0,-50
control,control,422.99,325.96,-97.029998779296875
treatment,treatment,1634.33,1699.34,65.01000213623047
control,marketing,110.03,35.41,-74.62000274658203
treatment,treatment,1108.61,1175.56,66.94999694824219
treatment,treatment,0,100,100
treatment,treatment,118.55,8729.01,8610.4599609375
treatment,treatment,106,0,-106
control,control,108.3,0,-108.30000305175781
control,control,172.27,351.54,179.27000427246094
treatment,treatment,220.7,1076.68,855.97998046875
treatment,treatment,681.1,100,-581.0999755859375
treatment,treatment,170.39,116.37,-54.02000045776367
treatment,treatment,324.75,5100.08,4775.330078125
control,marketing,229.14,238.47,9.329999923706055
control,control,52.59,12.59,-40
treatment,treatment,1017.55,1056.68,39.130001068115234
treatment,treatment,858.03,0,-858.030029296875
treatment,treatment,700.04,223.43,-476.6099853515625
control,marketing,221.39,107.39,-114
treatment,treatment,1007.99,727.99,-280
treatment,treatment,519.68,0,-519.67999267578125
control,control,462.37,182.37,-280
control,control,143.13,605.04,461.9100036621094
treatment,treatment,82.25,100,17.75
control,control,114.8,79.16,-35.63999938964844
control,marketing,8.31,1113.89,1105.5799560546875
treatment,treatment,113.91,17.29,-96.62000274658203
treatment,treatment,182.65,190.11,7.460000038146973
control,control,148.98,0,-148.97999572753906
control,control,931.41,897.04,-34.369998931884766
control,marketing,0,0,0
control,marketing,516.01,517.02,1.0099999904632568
control,marketing,104.68,111.88,7.199999809265137
treatment,treatment,511.2,0,-511.20001220703125
treatment,treatment,107.51,100,-7.510000228881836
control,control,332.74,0,-332.739990234375
control,control,507.65,528.32,20.670000076293945
control,control,522.14,459.1,-63.040000915527344
treatment,treatment,301.92,21.92,-280
control,marketing,82.72,0,-82.720001220703125
treatment,treatment,904.75,696.92,-207.8300018310547
control,marketing,1323.28,2567.26,1243.97998046875
control,marketing,119.37,0,-119.37000274658203
control,marketing,518.01,1292.89,774.8800048828125
treatment,treatment,161.9,172.39,10.489999771118164
treatment,treatment,524.05,120.55,-403.5
control,marketing,812.11,42.11,-770
control,marketing,107.94,1200.19,1092.25
control,control,0,0,0
treatment,treatment,0,100,100
treatment,treatment,526.54,76972.93,76446.390625
control,marketing,271.23,282.27,11.039999961853027
treatment,treatment,462.09,502.09,40
control,marketing,1134.57,0,-1134.5699462890625
control,marketing,126.58,131.73,5.150000095367432
treatment,treatment,733.82,105.47,-628.3499755859375
control,marketing,1126.43,1068.36,-58.06999969482422
control,control,234.3,251.63,17.329999923706055
treatment,treatment,696.9,100,-596.9000244140625
control,control,526.56,248,-278.55999755859375
control,control,109.78,101.99,-7.789999961853027
control,marketing,53.34,0,-53.34000015258789
control,control,2152.53,3706.84,1554.31005859375
control,marketing,1021.93,5999.24,4977.31005859375
control,control,244.05,253.99,9.9399995803833
control,marketing,510.2,1040.43,530.22998046875
treatment,treatment,0,0,0
treatment,treatment,343.41,163.41,-180
treatment,treatment,208.53,0,-208.52999877929688
treatment,treatment,155.54,119.32,-36.220001220703125
control,marketing,539.61,305.39,-234.22000122070312
treatment,treatment,438.52,443.01,4.489999771118164
control,marketing,578.19,601.72,23.530000686645508
treatment,treatment,543,333.98,-209.02000427246094
control,marketing,1004.04,724.04,-280
control,marketing,0,0,0
control,marketing,173.33,119.41,-53.91999816894531
control,control,224.01,52684.48,52460.46875
control,control,222.25,231.29,9.039999961853027
treatment,treatment,305.04,214.74,-90.30000305175781
control,marketing,781.29,0,-781.28997802734375
control,control,121.63,630.53,508.8999938964844
control,control,700.37,728.9,28.530000686645508
treatment,treatment,101.95,100,-1.9500000476837158
control,control,218.15,207.03,-11.119999885559082
treatment,treatment,532.39,1168.64,636.25
treatment,treatment,519.68,477.97,-41.709999084472656
control,marketing,321.84,316.58,-5.260000228881836
treatment,treatment,500,500,0
control,marketing,500,500,0
treatment,treatment,174.1,156.6,-17.5
control,marketing,500,500,0
treatment,treatment,0,0,0
treatment,treatment,1011.58,0,-1011.5800170898438
control,control,0,0,0
treatment,treatment,445.09,100512.24,100067.1484375
treatment,treatment,140.77,111.75,-29.020000457763672
control,marketing,120.53,0,-120.52999877929688
treatment,treatment,77.62,3469.29,3391.669921875
treatment,treatment,1186.22,886.22,-300
control,control,183.47,163.47,-20
control,marketing,0,0,0
control,control,0,165.05,165.0500030517578
control,control,652.77,732.77,80
treatment,treatment,500,500,0
treatment,treatment,107.04,556.08,449.0400085449219
treatment,treatment,605.17,500,-105.16999816894531
treatment,treatment,77.85,0,-77.8499984741211
control,control,308.43,0,-308.42999267578125
treatment,treatment,208.52,215.07,6.550000190734863
control,marketing,1100.59,800.59,-300
control,marketing,0,0,0
control,control,1134.62,500,-634.6199951171875
control,marketing,105.52,0,-105.5199966430664
treatment,treatment,500,0,-500
treatment,treatment,0,100,100
control,marketing,0,0,0
treatment,treatment,232.48,12.48,-220
treatment,treatment,259.37,0,-259.3699951171875
control,marketing,980.25,4114.77,3134.52001953125
control,control,1005.88,705.88,-300
treatment,treatment,614.74,114.74,-500
treatment,treatment,1349.81,609.72,-740.09002685546875
treatment,treatment,1128.51,828.51,-300
control,marketing,1017.91,500,-517.90997314453125
control,marketing,0,0,0
treatment,treatment,622.96,600,-22.959999084472656
control,marketing,122.54,0,-122.54000091552734
treatment,treatment,0,0,0
treatment,treatment,0,100,100
control,control,0,0,0
treatment,treatment,0,100,100
control,marketing,1000,186,-814
treatment,treatment,500,1903.52,1403.52001953125
treatment,treatment,500,600,100
control,marketing,0,0,0
treatment,treatment,146.78,106.78,-40
control,marketing,0,0,0
treatment,treatment,0,100,100
control,marketing,371.77,0,-371.7699890136719
control,control,0,0,0
treatment,treatment,0,0,0
control,marketing,0,0,0
treatment,treatment,100.7,100.7,0
control,control,224.28,0,-224.27999877929688
treatment,treatment,0,0,0
control,control,500,500,0
control,control,500,500,0
control,control,148.45,0,-148.4499969482422
control,control,1016.22,974.38,-41.84000015258789
treatment,treatment,1400.3,1196.49,-203.80999755859375
treatment,treatment,138.22,0,-138.22000122070312
treatment,treatment,500,500,0
control,control,0,0,0
treatment,treatment,0,100,100
control,control,179.25,179.25,0
treatment,treatment,0,0,0
treatment,treatment,1054.52,115055.56,114001.0390625
control,marketing,0,0,0
treatment,treatment,1463.66,102.53,-1361.1300048828125
control,control,500,500,0
control,marketing,0,0,0
treatment,treatment,0,0,0
control,marketing,449.61,149.61,-300
control,control,881.67,581.67,-300
treatment,treatment,1157.84,614.16,-543.67999267578125
control,marketing,1599.35,1299.35,-300
treatment,treatment,0,0,0
treatment,treatment,0,0,0
treatment,treatment,992.02,292.02,-700
treatment,treatment,1276.39,978.43,-297.9599914550781
control,marketing,621.96,500,-121.95999908447266
control,marketing,0,0,0
control,control,500,500,0
control,control,500,500,0
control,control,900.87,600.87,-300
control,control,0,0,0
control,control,0,139,139
control,marketing,0,0,0
treatment,treatment,613.39,500,-113.38999938964844
control,control,542.45,550,7.550000190734863
control,control,112.51,0,-112.51000213623047
control,marketing,105.48,0,-105.4800033569336
control,marketing,0,0,0
treatment,treatment,133.54,133.54,0
control,control,705.21,205.21,-500
treatment,treatment,500,500,0
treatment,treatment,0,500,500
control,marketing,0,103.43,103.43000030517578
control,marketing,623.61,11684.08,11060.4697265625
treatment,treatment,766.47,750.76,-15.710000038146973
control,marketing,738.84,5191.08,4452.240234375
treatment,treatment,147.24,243.31,96.06999969482422
control,control,283.98,3.98,-280
treatment,treatment,0,0,0
control,marketing,420.71,120.71,-300
control,control,1128.79,144.48,-984.30999755859375
control,control,178.98,500,321.0199890136719
control,control,975.46,1341.35,365.8900146484375
control,control,930.05,500,-430.04998779296875
treatment,treatment,32.9,0,-32.900001525878906
control,control,788.42,788.42,0
control,control,125.79,125.79,0
treatment,treatment,687.72,500,-187.72000122070312
treatment,treatment,1627.44,1353.47,-273.9700012207031
control,control,1371.02,540.94,-830.08001708984375
treatment,treatment,500,600,100
control,control,0,0,0
treatment,treatment,0,0,0
control,marketing,0,0,0
control,control,184.42,144.42,-40
control,marketing,642.65,157.61,-485.0400085449219
control,control,1252.54,737.12,-515.41998291015625
control,marketing,500,500,0
treatment,treatment,124.93,24.93,-100
control,control,600.03,300.03,-300
treatment,treatment,1008.33,212.16,-796.16998291015625
treatment,treatment,500,0,-500
treatment,treatment,637.83,500,-137.8300018310547
treatment,treatment,538.6,238.6,-300
treatment,treatment,1265.25,1368.6,103.3499984741211
treatment,treatment,131.72,131.72,0
treatment,treatment,514.96,1508.12,993.15997314453125
treatment,treatment,642.2,548.48,-93.720001220703125
treatment,treatment,0,0,0
treatment,treatment,117.15,0,-117.1500015258789
treatment,treatment,223.51,1795.39,1571.8800048828125
control,control,0,0,0
control,control,1014.63,714.63,-300
treatment,treatment,500,500,0
control,control,0,0,0
control,control,651.16,8612.9,7961.740234375
control,control,137.67,137.67,0
control,marketing,101.02,101.02,0
control,marketing,0,0,0
control,control,150.77,150.77,0
control,marketing,192.67,172.67,-20
control,control,651.08,651.08,0
treatment,treatment,500,600,100
control,control,125.42,0,-125.41999816894531
control,control,1420.55,120.55,-1300
control,control,500,500,0
control,marketing,161.58,0,-161.5800018310547
control,marketing,0,0,0
treatment,treatment,500,612.5,112.5
control,marketing,1495.85,3103.31,1607.4599609375
treatment,treatment,500,500,0
treatment,treatment,0,0,0
treatment,treatment,537.28,237.28,-300
treatment,treatment,230,0,-230
treatment,treatment,728.31,728.31,0
control,control,651.06,511.06,-140
control,control,150.83,0,-150.8300018310547
control,marketing,2238.36,2610.82,372.4599914550781
control,marketing,1080.2,1124.19,43.9900016784668
treatment,treatment,921.87,621.87,-300
treatment,treatment,538.97,283.27,-255.6999969482422
treatment,treatment,0,0,0
treatment,treatment,0,0,0
treatment,treatment,500,500,0
control,control,643.39,584.28,-59.11000061035156
control,marketing,147.9,0,-147.89999389648438
control,control,712.87,652.87,-60
treatment,treatment,0,0,0
treatment,treatment,1672.37,2524.71,852.34002685546875
control,control,729.88,544.74,-185.13999938964844
treatment,treatment,0,0,0
control,control,1031.22,1052.78,21.559999465942383
control,marketing,109.51,709.51,600
control,control,845.69,45.69,-800
treatment,treatment,0,0,0
control,marketing,80.62,0,-80.62000274658203
control,marketing,1547.29,0,-1547.2900390625
control,control,0,0,0
treatment,treatment,213.81,0,-213.80999755859375
treatment,treatment,1032.03,840.6,-191.42999267578125
control,control,948.76,9154.82,8206.0595703125
control,control,28.97,0,-28.969999313354492
treatment,treatment,1021.51,936.99,-84.5199966430664
control,control,611.36,611.36,0
treatment,treatment,120.6,0,-120.5999984741211
treatment,treatment,1022.33,1016.48,-5.849999904632568
control,control,751.56,451.56,-300
treatment,treatment,886.64,686.64,-200
control,marketing,500,500,0
treatment,treatment,0,102.5,102.5
treatment,treatment,164.47,164.47,0
treatment,treatment,761.98,81.98,-680
control,control,626.08,500,-126.08000183105469
treatment,treatment,197.26,0,-197.25999450683594
control,control,532.64,580.44,47.79999923706055
control,control,164.83,0,-164.8300018310547
control,control,0,0,0
treatment,treatment,664.74,500,-164.74000549316406
treatment,treatment,570.43,293.49,-276.94000244140625
treatment,treatment,1514.91,1240.34,-274.57000732421875
treatment,treatment,173.39,100,-73.38999938964844
treatment,treatment,234.61,154.61,-80
control,control,106.67,0,-106.66999816894531
treatment,treatment,0,0,0
control,marketing,726.23,20117.65,19391.419921875
control,marketing,1164.01,1010.96,-153.0500030517578
treatment,treatment,1101.02,1032.37,-68.6500015258789
treatment,treatment,500,500,0
treatment,treatment,500,500,0
treatment,treatment,500,500,0
control,control,306.58,6.58,-300
treatment,treatment,0,0,0
treatment,treatment,0,0,0
control,control,1635.07,881.28,-753.78997802734375
treatment,treatment,114.31,0,-114.30999755859375
control,marketing,703.36,500,-203.36000061035156
treatment,treatment,133.66,191.16,57.5
treatment,treatment,2182.23,861.64,-1320.5899658203125
control,marketing,1020.48,935.92,-84.55999755859375
treatment,treatment,502.4,434.4,-68
control,marketing,516.06,500,-16.059999465942383
control,marketing,752.28,752.28,0
control,control,638.03,852.35,214.32000732421875
control,marketing,0,0,0
control,marketing,0,0,0
control,control,131.68,131.68,0
treatment,treatment,770.74,770.74,0
control,control,1393.06,0,-1393.06005859375
treatment,treatment,846.77,705.01,-141.75999450683594
control,marketing,144.17,203,58.83000183105469
control,control,272.33,0,-272.3299865722656
treatment,treatment,0,0,0
control,control,0,0,0
treatment,treatment,0,100,100
control,marketing,846.36,625.92,-220.44000244140625
control,control,0,0,0
control,marketing,96.48,0,-96.4800033569336
control,marketing,0,0,0
control,control,619.19,500,-119.19000244140625
control,marketing,113.93,0,-113.93000030517578
treatment,treatment,632.62,500,-132.6199951171875
treatment,treatment,109.17,0,-109.16999816894531
treatment,treatment,431.08,131.08,-300
control,marketing,923.62,747.53,-176.08999633789062
treatment,treatment,0,0,0
control,control,1500,1500,0
treatment,treatment,0,0,0
control,marketing,715.8,323.18,-392.6199951171875
treatment,treatment,0,0,0
treatment,treatment,676.67,2063.83,1387.1600341796875
treatment,treatment,0,0,0
control,control,135.24,0,-135.24000549316406
control,control,631.99,611.99,-20
control,marketing,0,0,0
treatment,treatment,1267.44,967.44,-300
treatment,treatment,525.64,100,-425.6400146484375
control,control,149.13,69.13,-80
treatment,treatment,1429.5,1129.5,-300
control,marketing,0,0,0
control,control,0,0,0
control,marketing,0,0,0
treatment,treatment,40.39,0,-40.38999938964844
treatment,treatment,31.8,255.8,224
treatment,treatment,272.3,1631.68,1359.3800048828125
control,control,325.88,433.28,107.4000015258789
treatment,treatment,516.23,129.21,-387.0199890136719
control,marketing,524.12,500,-24.1200008392334
control,control,500,500,0
treatment,treatment,611.19,591.19,-20
treatment,treatment,500,0,-500
control,marketing,1104.71,2347.22,1242.510009765625
treatment,treatment,1001.3,446,-555.29998779296875
treatment,treatment,0,0,0
control,control,0,0,0
treatment,treatment,500,500,0
control,control,0,0,0
treatment,treatment,0,0,0
control,marketing,105.76,0,-105.76000213623047
treatment,treatment,0,100,100
treatment,treatment,0,0,0
treatment,treatment,0,0,0
control,control,618.81,1135.4,516.59002685546875
treatment,treatment,822.25,2409.8,1587.550048828125
control,marketing,307.03,228.48,-78.55000305175781
treatment,treatment,0,0,0
control,marketing,315.47,402,86.529998779296875
control,control,1020.92,500,-520.91998291015625
control,marketing,1379.53,1207.81,-171.72000122070312
treatment,treatment,0,0,0
control,marketing,0,0,0
control,control,500,500,0
treatment,treatment,609.94,549.94,-60
treatment,treatment,113.23,0,-113.2300033569336
treatment,treatment,649.06,372.53,-276.5299987792969
treatment,treatment,500,500,0
control,marketing,157.65,0,-157.64999389648438
treatment,treatment,0,0,0
treatment,treatment,500,500,0
control,control,500,500,0
treatment,treatment,1211.1,7053.03,5841.93017578125
control,marketing,1082.39,782.39,-300
control,marketing,870.66,1604.11,733.45001220703125
treatment,treatment,0,0,0
treatment,treatment,500,500,0
treatment,treatment,112.97,12.97,-100
control,control,529.38,8214.5,7685.1201171875
treatment,treatment,240.39,513.11,272.7200012207031
control,control,500,500,0
control,marketing,0,0,0
control,marketing,153.76,193.76,40
control,control,454.97,354.97,-100
treatment,treatment,1427.94,1952.71,524.77001953125
control,control,140.96,0,-140.9600067138672
control,control,122.57,0,-122.56999969482422
control,control,520.85,436.31,-84.54000091552734
treatment,treatment,618.81,618.81,0
treatment,treatment,0,0,0
treatment,treatment,100,100,0
treatment,treatment,1255.99,368.06,-887.92999267578125
treatment,treatment,153.85,0,-153.85000610351562
control,control,500,500,0
control,marketing,0,0,0
treatment,treatment,601.79,704.06,102.2699966430664
control,control,911.3,3028.2,2116.89990234375
treatment,treatment,1385.66,1085.66,-300
control,control,0,0,0
treatment,treatment,922.01,1361.47,439.4599914550781
control,marketing,141.56,21.56,-120
control,control,2136.52,136.52,-2000
treatment,treatment,167.4,767.4,600
control,control,279.95,119.28,-160.6699981689453
control,control,500,500,0
control,marketing,1216.61,987.45,-229.16000366210938
treatment,treatment,1064.54,0,-1064.5400390625
control,marketing,144.17,0,-144.1699981689453
treatment,treatment,287.18,0,-287.17999267578125
treatment,treatment,216.16,0,-216.16000366210938
treatment,treatment,1325.51,1025.51,-300
control,marketing,1018.57,955.4,-63.16999816894531
treatment,treatment,713.06,653.06,-60
treatment,treatment,14.92,0,-14.920000076293945
control,marketing,116.98,116.98,0
control,control,589.12,307.09,-282.0299987792969
treatment,treatment,843.38,643.38,-200
treatment,treatment,598.13,298.13,-300
control,marketing,1226.61,1016.39,-210.22000122070312
control,marketing,500,500,0
control,marketing,125.55,0,-125.55000305175781
control,marketing,132.42,0,-132.4199981689453
treatment,treatment,1041.17,764.07,-277.1000061035156
control,marketing,1019.13,955.98,-63.150001525878906
treatment,treatment,0,0,0
control,control,1024.44,724.44,-300
treatment,treatment,90.87,0,-90.87000274658203
treatment,treatment,1062.11,947.93,-114.18000030517578
control,control,4.1,1056.65,1052.550048828125
treatment,treatment,500,100,-400
treatment,treatment,647.9,500,-147.89999389648438
treatment,treatment,387.35,247.35,-140
treatment,treatment,1200.76,1229.29,28.530000686645508
treatment,treatment,0,0,0
treatment,treatment,54.84,0,-54.84000015258789
treatment,treatment,1041.95,0,-1041.949951171875
control,marketing,152.4,50.99,-101.41000366210938
control,marketing,432.1,547.16,115.05999755859375
control,control,0,0,0
control,control,1000.87,700.87,-300
treatment,treatment,125.53,125.53,0
control,control,131.54,203.85,72.30999755859375
control,marketing,88.45,0,-88.44999694824219
treatment,treatment,699.73,519.73,-180
treatment,treatment,191.95,191.95,0
control,control,210.98,410.98,200
control,marketing,0,0,0
control,marketing,601.73,303.31,-298.4200134277344
control,control,0,0,0
control,control,0,0,0
treatment,treatment,0,0,0
control,control,193.13,193.13,0
treatment,treatment,500,500,0
treatment,treatment,715.84,215.84,-500
control,marketing,116.04,0,-116.04000091552734
control,marketing,105.81,0,-105.80999755859375
treatment,treatment,750.57,266.07,-484.5
treatment,treatment,108.02,2114.84,2006.8199462890625
treatment,treatment,851.83,711.83,-140
treatment,treatment,1545.97,672.59,-873.3800048828125
control,control,1552.8,1252.8,-300
control,marketing,178.78,0,-178.77999877929688
control,marketing,0,0,0
treatment,treatment,542.76,244.18,-298.5799865722656
control,control,538.24,500,-38.2400016784668
control,marketing,0,0,0
treatment,treatment,0,0,0
control,control,500,500,0
treatment,treatment,206.24,703.94,497.70001220703125
control,control,519.08,219.08,-300
control,marketing,519.62,4948.41,4428.7900390625
treatment,treatment,1723.66,3580.51,1856.8499755859375
treatment,treatment,152.7,255.44,102.73999786376953
control,control,0,266.5,266.5
control,marketing,580.99,136.3,-444.69000244140625
control,marketing,611.9,31.9,-580
control,control,0,0,0
control,control,0,0,0
treatment,treatment,528.01,326.05,-201.9600067138672
treatment,treatment,107.13,0,-107.12999725341797
treatment,treatment,0,0,0
control,control,653.21,653.21,0
treatment,treatment,1637.9,1437.9,-200
control,marketing,287.51,287.51,0
control,control,517.84,0,-517.84002685546875
control,marketing,717.11,240.71,-476.3999938964844
control,control,2114.25,0,-2114.25
treatment,treatment,608.85,124.54,-484.30999755859375
treatment,treatment,697.03,500,-197.02999877929688
treatment,treatment,500,2207.62,1707.6199951171875
control,marketing,277.17,0,-277.1700134277344
control,marketing,160.27,0,-160.27000427246094
treatment,treatment,500,500,0
treatment,treatment,153.66,0,-153.66000366210938
treatment,treatment,667.63,605.1,-62.529998779296875
control,marketing,1026.15,0,-1026.1500244140625
control,control,500,500,0
treatment,treatment,0,133.38,133.3800048828125
control,control,505.26,500,-5.260000228881836
control,marketing,659.38,500,-159.3800048828125
treatment,treatment,359.58,359.58,0
control,marketing,419.29,119.29,-300
treatment,treatment,0,0,0
treatment,treatment,1781.66,2859.9,1078.239990234375
treatment,treatment,141.98,141.98,0
treatment,treatment,1847.45,1192.56,-654.8900146484375
treatment,treatment,132.06,211.05,78.98999786376953
treatment,treatment,106.22,0,-106.22000122070312
control,marketing,0,0,0
control,marketing,500,0,-500
treatment,treatment,442.59,328.85,-113.73999786376953
treatment,treatment,559.39,1789.83,1230.43994140625
treatment,treatment,500,100,-400
control,marketing,1233.9,741.71,-492.19000244140625
control,marketing,500,500,0
treatment,treatment,272.6,292.6,20
treatment,treatment,518.99,0,-518.989990234375
control,marketing,0,0,0
control,control,0,0,0
control,marketing,106.02,1506.02,1400
control,control,622.85,542.85,-80
control,marketing,500,500,0
treatment,treatment,121.49,41.49,-80
treatment,treatment,0,0,0
control,marketing,768.54,629.71,-138.8300018310547
treatment,treatment,655.13,1526,870.8699951171875
treatment,treatment,126,114.32,-11.680000305175781
treatment,treatment,0,0,0
control,marketing,500,500,0
control,marketing,56.31,0,-56.310001373291016
treatment,treatment,500,0,-500
treatment,treatment,500,500,0
control,control,1000,1000,0
treatment,treatment,286.49,252.2,-34.290000915527344
control,marketing,1019.33,956.19,-63.13999938964844
control,control,0,0,0
treatment,treatment,500,500,0
control,control,0,0,0
control,control,500,500,0
control,marketing,430.7,130.7,-300
control,marketing,500,500,0
control,control,500,0,-500
control,control,24.17,0,-24.170000076293945
treatment,treatment,568.25,716,147.75
treatment,treatment,401.95,0,-401.95001220703125
control,marketing,1065.61,810.12,-255.49000549316406
control,marketing,58.1,0,-58.099998474121094
treatment,treatment,0,0,0
